Start,Finish,Active Calories (kcal),Distance (km),Flights Climbed (count),Resting Calories (kcal),Steps (count)
20-Sep-2016 00:00,21-Sep-2016 00:00,0.0,0.0069,0.0,0.0,10.0
21-Sep-2016 00:00,22-Sep-2016 00:00,0.0,0.0,0.0,0.0,0.0
22-Sep-2016 00:00,23-Sep-2016 00:00,0.0,6.38877959391954,12.0,0.0,10557.0
23-Sep-2016 00:00,24-Sep-2016 00:00,0.0,2.37622999999999,14.0,0.0,3566.0
24-Sep-2016 00:00,25-Sep-2016 00:00,0.0,0.0281499999999996,0.0,0.0,43.0
25-Sep-2016 00:00,26-Sep-2016 00:00,0.0,0.011369999999999,0.0,0.0,16.0
26-Sep-2016 00:00,27-Sep-2016 00:00,0.0,1.72422999999995,7.0,0.0,2562.0
27-Sep-2016 00:00,28-Sep-2016 00:00,0.0,1.60028298163378,7.0,0.0,2556.56226497335
28-Sep-2016 00:00,29-Sep-2016 00:00,0.0,1.42164436020079,7.0,0.0,2187.43773502665
29-Sep-2016 00:00,30-Sep-2016 00:00,0.0,2.61644276621558,7.0,0.0,3899.0
30-Sep-2016 00:00,01-Oct-2016 00:00,0.0,3.40638000000003,15.0,0.0,5704.0
01-Oct-2016 00:00,02-Oct-2016 00:00,0.0,4.15348438601345,7.0,0.0,6654.83244349787
02-Oct-2016 00:00,03-Oct-2016 00:00,0.0,2.21624561398648,13.0,0.0,3490.16755650213
03-Oct-2016 00:00,04-Oct-2016 00:00,0.0,1.66450661917623,7.0,0.0,2655.0
04-Oct-2016 00:00,05-Oct-2016 00:00,0.0,3.53942242260796,26.0,0.0,5804.0
05-Oct-2016 00:00,06-Oct-2016 00:00,0.0,0.614960000000054,6.0,0.0,1100.0
06-Oct-2016 00:00,07-Oct-2016 00:00,0.0,3.93442000000002,11.0,0.0,6153.0
07-Oct-2016 00:00,08-Oct-2016 00:00,0.0,1.81718999999998,12.0,0.0,2707.0
08-Oct-2016 00:00,09-Oct-2016 00:00,0.0,0.0338700000000026,0.0,0.0,61.0
09-Oct-2016 00:00,10-Oct-2016 00:00,0.0,0.0278699999999953,0.0,0.0,52.0
10-Oct-2016 00:00,11-Oct-2016 00:00,0.0,1.50060000000006,11.0,0.0,2321.0
11-Oct-2016 00:00,12-Oct-2016 00:00,0.0,3.24545999999987,15.0,0.0,4814.0
12-Oct-2016 00:00,13-Oct-2016 00:00,0.0,1.67284000000005,12.0,0.0,2487.0
13-Oct-2016 00:00,14-Oct-2016 00:00,0.0,0.825258721270096,3.0,0.0,1245.0
14-Oct-2016 00:00,15-Oct-2016 00:00,0.0,5.12795000000029,20.0,0.0,8211.0
15-Oct-2016 00:00,16-Oct-2016 00:00,0.0,4.18022277888848,8.0,0.0,6297.0
16-Oct-2016 00:00,17-Oct-2016 00:00,0.0,5.15373999999998,1.0,0.0,8062.0
17-Oct-2016 00:00,18-Oct-2016 00:00,0.0,1.8270815186242,9.0,0.0,2804.0
18-Oct-2016 00:00,19-Oct-2016 00:00,0.0,2.12462999999995,12.0,0.0,3484.0
19-Oct-2016 00:00,20-Oct-2016 00:00,0.0,0.835509999999973,6.0,0.0,1311.0
20-Oct-2016 00:00,21-Oct-2016 00:00,0.0,0.781329999999973,5.0,0.0,1217.0
21-Oct-2016 00:00,22-Oct-2016 00:00,0.0,4.22855586197042,14.0,0.0,6364.0
22-Oct-2016 00:00,23-Oct-2016 00:00,0.0,2.86323999999989,9.0,0.0,4502.0
23-Oct-2016 00:00,24-Oct-2016 00:00,0.0,0.0640600000000268,0.0,0.0,108.0
24-Oct-2016 00:00,25-Oct-2016 00:00,0.0,1.83326000000014,14.0,0.0,2867.0
25-Oct-2016 00:00,26-Oct-2016 00:00,0.0,2.74761000000007,17.0,0.0,4749.0
26-Oct-2016 00:00,27-Oct-2016 00:00,0.0,2.80026110109744,8.0,0.0,4748.46813479672
27-Oct-2016 00:00,28-Oct-2016 00:00,0.0,4.550158898903,10.0,0.0,6695.53186520328
28-Oct-2016 00:00,29-Oct-2016 00:00,0.0,5.52745271190575,4.0,0.0,8072.0
29-Oct-2016 00:00,30-Oct-2016 00:00,0.0,6.09846537462715,11.0,0.0,9147.0
30-Oct-2016 00:00,31-Oct-2016 00:00,0.0,2.08058495691413,7.0,0.0,2914.0
31-Oct-2016 00:00,01-Nov-2016 00:00,0.0,3.32469126111413,5.0,0.0,4765.0
01-Nov-2016 00:00,02-Nov-2016 00:00,0.0,1.79637000000027,4.0,0.0,2671.0
02-Nov-2016 00:00,03-Nov-2016 00:00,0.0,2.3234199999999,10.0,0.0,3619.0
03-Nov-2016 00:00,04-Nov-2016 00:00,0.0,4.4976500000002,11.0,0.0,6811.0
04-Nov-2016 00:00,05-Nov-2016 00:00,0.0,2.29282601156115,13.0,0.0,3296.0
05-Nov-2016 00:00,06-Nov-2016 00:00,0.0,0.0364899999999907,0.0,0.0,67.0
06-Nov-2016 00:00,07-Nov-2016 00:00,0.0,0.0353400000000111,0.0,0.0,53.0
07-Nov-2016 00:00,08-Nov-2016 00:00,0.0,2.73729999999986,10.0,0.0,4210.0
08-Nov-2016 00:00,09-Nov-2016 00:00,0.0,2.9891567274532,17.0,0.0,4509.0
09-Nov-2016 00:00,10-Nov-2016 00:00,0.0,1.85870000000013,10.0,0.0,2647.0
10-Nov-2016 00:00,11-Nov-2016 00:00,0.0,0.780520000000062,5.0,0.0,1192.0
11-Nov-2016 00:00,12-Nov-2016 00:00,0.0,0.0755200000000041,0.0,0.0,127.0
12-Nov-2016 00:00,13-Nov-2016 00:00,0.0,0.0487200000000157,0.0,0.0,89.0
13-Nov-2016 00:00,14-Nov-2016 00:00,0.0,0.0434100000000035,0.0,0.0,80.0
14-Nov-2016 00:00,15-Nov-2016 00:00,0.0,1.38889999999992,8.0,0.0,2166.0
15-Nov-2016 00:00,16-Nov-2016 00:00,0.0,5.07790722385707,20.0,0.0,7740.0
16-Nov-2016 00:00,17-Nov-2016 00:00,0.0,1.29492000000029,6.0,0.0,2005.0
17-Nov-2016 00:00,18-Nov-2016 00:00,0.0,1.54405999999991,5.0,0.0,2324.0
18-Nov-2016 00:00,19-Nov-2016 00:00,0.0,3.51421204787308,19.0,0.0,5307.0
19-Nov-2016 00:00,20-Nov-2016 00:00,0.0,4.93732404234304,13.0,0.0,7221.0
20-Nov-2016 00:00,21-Nov-2016 00:00,0.0,7.69859017461725,20.0,0.0,12339.0
21-Nov-2016 00:00,22-Nov-2016 00:00,0.0,1.89249516524718,18.0,0.0,3064.0
22-Nov-2016 00:00,23-Nov-2016 00:00,0.0,2.22280000000019,11.0,0.0,3580.0
23-Nov-2016 00:00,24-Nov-2016 00:00,0.0,3.12446721373361,13.0,0.0,5028.23153390745
24-Nov-2016 00:00,25-Nov-2016 00:00,0.0,4.47488270998165,13.0,0.0,6741.76846609255
25-Nov-2016 00:00,26-Nov-2016 00:00,0.0,6.93992372906252,8.0,0.0,9970.0
26-Nov-2016 00:00,27-Nov-2016 00:00,0.0,4.96779946863549,5.0,0.0,7312.0
27-Nov-2016 00:00,28-Nov-2016 00:00,0.0,1.57027252097742,6.0,0.0,2386.0
28-Nov-2016 00:00,29-Nov-2016 00:00,0.0,1.98286023104118,11.0,0.0,3081.0
29-Nov-2016 00:00,30-Nov-2016 00:00,0.0,2.09463203971426,12.0,0.0,3188.0
30-Nov-2016 00:00,01-Dec-2016 00:00,0.0,2.50940000000023,15.0,0.0,3568.0
01-Dec-2016 00:00,02-Dec-2016 00:00,0.0,2.79247535368436,14.0,0.0,4205.0
02-Dec-2016 00:00,03-Dec-2016 00:00,0.0,2.72446000000084,10.0,0.0,4253.0
03-Dec-2016 00:00,04-Dec-2016 00:00,0.0,1.08440000000017,8.0,0.0,1656.0
04-Dec-2016 00:00,05-Dec-2016 00:00,0.0,2.25233079015242,3.0,0.0,3084.0
05-Dec-2016 00:00,06-Dec-2016 00:00,0.0,1.79930000000002,5.0,0.0,2660.0
06-Dec-2016 00:00,07-Dec-2016 00:00,0.0,7.25466000000189,10.0,0.0,10481.0
07-Dec-2016 00:00,08-Dec-2016 00:00,0.0,2.18163000000079,12.0,0.0,3361.0
08-Dec-2016 00:00,09-Dec-2016 00:00,0.0,5.46470478850565,21.0,0.0,7942.0
09-Dec-2016 00:00,10-Dec-2016 00:00,0.0,8.36277959662679,20.0,0.0,11797.0
10-Dec-2016 00:00,11-Dec-2016 00:00,0.0,6.60027580755571,4.0,0.0,9715.0
11-Dec-2016 00:00,12-Dec-2016 00:00,0.0,0.0438100000000268,0.0,0.0,66.0
12-Dec-2016 00:00,13-Dec-2016 00:00,0.0,1.88316000000003,13.0,0.0,3055.0
13-Dec-2016 00:00,14-Dec-2016 00:00,0.0,1.65149028452506,8.0,0.0,2726.0
14-Dec-2016 00:00,15-Dec-2016 00:00,0.0,1.76052000000011,12.0,0.0,2657.0
15-Dec-2016 00:00,16-Dec-2016 00:00,0.0,3.14713057476989,8.0,0.0,4904.0
16-Dec-2016 00:00,17-Dec-2016 00:00,0.0,3.41038660599841,17.0,0.0,5415.0
17-Dec-2016 00:00,18-Dec-2016 00:00,0.0,4.80790600764984,6.0,0.0,7248.0
18-Dec-2016 00:00,19-Dec-2016 00:00,0.0,2.31524000000057,6.0,0.0,3411.0
19-Dec-2016 00:00,20-Dec-2016 00:00,0.0,0.536330000000133,9.0,0.0,900.0
20-Dec-2016 00:00,21-Dec-2016 00:00,0.0,5.14625682060214,5.0,0.0,7708.0
21-Dec-2016 00:00,22-Dec-2016 00:00,0.0,2.08412135670043,3.0,0.0,3067.0
22-Dec-2016 00:00,23-Dec-2016 00:00,0.0,5.08749481978576,5.0,0.0,7886.0
23-Dec-2016 00:00,24-Dec-2016 00:00,0.0,2.33053999999986,6.0,0.0,3430.0
24-Dec-2016 00:00,25-Dec-2016 00:00,0.0,0.891900000000082,3.0,0.0,1346.0
25-Dec-2016 00:00,26-Dec-2016 00:00,0.0,1.44700000000015,3.0,0.0,2103.0
26-Dec-2016 00:00,27-Dec-2016 00:00,0.0,2.37015000000066,2.0,0.0,3321.0
27-Dec-2016 00:00,28-Dec-2016 00:00,0.0,3.84016845737098,6.0,0.0,5582.0
28-Dec-2016 00:00,29-Dec-2016 00:00,0.0,2.06176000000016,3.0,0.0,3162.0
29-Dec-2016 00:00,30-Dec-2016 00:00,0.0,1.29169999999984,5.0,0.0,1853.0
30-Dec-2016 00:00,31-Dec-2016 00:00,0.0,1.39214999999932,8.0,0.0,2046.0
31-Dec-2016 00:00,01-Jan-2017 00:00,0.0,6.38714999999746,18.0,0.0,8962.0
01-Jan-2017 00:00,02-Jan-2017 00:00,0.0,1.84995000000001,9.0,0.0,2902.0
02-Jan-2017 00:00,03-Jan-2017 00:00,0.0,1.53700000000064,9.0,0.0,2500.0
03-Jan-2017 00:00,04-Jan-2017 00:00,0.0,3.22263413124892,16.0,0.0,4685.0
04-Jan-2017 00:00,05-Jan-2017 00:00,0.0,1.7665290555426,11.0,0.0,2578.0
05-Jan-2017 00:00,06-Jan-2017 00:00,0.0,0.964259999999893,4.0,0.0,1572.0
06-Jan-2017 00:00,07-Jan-2017 00:00,0.0,1.95972008771077,9.0,0.0,2850.0
07-Jan-2017 00:00,08-Jan-2017 00:00,0.0,1.86241960209963,12.0,0.0,2810.0
08-Jan-2017 00:00,09-Jan-2017 00:00,0.0,0.0224300000000512,0.0,0.0,34.0
09-Jan-2017 00:00,10-Jan-2017 00:00,0.0,1.66094999999908,15.0,0.0,2457.0
10-Jan-2017 00:00,11-Jan-2017 00:00,0.0,1.63678999999951,12.0,0.0,2552.0
11-Jan-2017 00:00,12-Jan-2017 00:00,0.0,2.26739850827504,11.0,0.0,3265.0
12-Jan-2017 00:00,13-Jan-2017 00:00,0.0,0.883450000000303,7.0,0.0,1326.0
13-Jan-2017 00:00,14-Jan-2017 00:00,0.0,3.93245708545924,19.0,0.0,6167.39625416946
14-Jan-2017 00:00,15-Jan-2017 00:00,0.0,2.72406070301183,7.0,0.0,4115.60374583054
15-Jan-2017 00:00,16-Jan-2017 00:00,0.0,1.50050999999972,3.0,0.0,2449.0
16-Jan-2017 00:00,17-Jan-2017 00:00,0.0,3.05684844114207,12.0,0.0,4726.0
17-Jan-2017 00:00,18-Jan-2017 00:00,0.0,1.46112000000023,16.0,0.0,2366.0
18-Jan-2017 00:00,19-Jan-2017 00:00,0.0,1.64788999999937,11.0,0.0,2488.0
19-Jan-2017 00:00,20-Jan-2017 00:00,0.0,1.14929999999923,6.0,0.0,1775.0
20-Jan-2017 00:00,21-Jan-2017 00:00,0.0,3.44025319965469,17.0,0.0,5027.0
21-Jan-2017 00:00,22-Jan-2017 00:00,0.0,0.288049999999756,0.0,0.0,434.0
22-Jan-2017 00:00,23-Jan-2017 00:00,0.0,0.0517800000000279,0.0,0.0,70.0
23-Jan-2017 00:00,24-Jan-2017 00:00,0.0,0.0516000000000349,0.0,0.0,75.0
24-Jan-2017 00:00,25-Jan-2017 00:00,0.0,0.0646699999999837,0.0,0.0,94.0
25-Jan-2017 00:00,26-Jan-2017 00:00,0.0,1.30148999999953,11.0,0.0,1863.0
26-Jan-2017 00:00,27-Jan-2017 00:00,0.0,0.0211000000000349,0.0,0.0,33.0
27-Jan-2017 00:00,28-Jan-2017 00:00,0.0,2.7297200000005,14.0,0.0,4204.0
28-Jan-2017 00:00,29-Jan-2017 00:00,0.0,6.26938156072353,4.0,0.0,10236.0
29-Jan-2017 00:00,30-Jan-2017 00:00,0.0,1.57301914217329,7.0,0.0,2443.0
30-Jan-2017 00:00,31-Jan-2017 00:00,0.0,3.35129154238477,9.0,0.0,4608.0
31-Jan-2017 00:00,01-Feb-2017 00:00,0.0,3.8927378088758,8.0,0.0,5682.0
01-Feb-2017 00:00,02-Feb-2017 00:00,0.0,0.809067161481886,5.0,0.0,1088.0
02-Feb-2017 00:00,03-Feb-2017 00:00,0.0,0.899211829558597,7.0,0.0,1235.0
03-Feb-2017 00:00,04-Feb-2017 00:00,0.0,3.99217704559638,17.0,0.0,5611.80086294739
04-Feb-2017 00:00,05-Feb-2017 00:00,0.0,2.36457426326405,9.0,0.0,3274.19913705261
05-Feb-2017 00:00,06-Feb-2017 00:00,0.0,2.39647000000026,10.0,0.0,3562.0
06-Feb-2017 00:00,07-Feb-2017 00:00,0.0,1.81942628472153,8.0,0.0,2728.0
07-Feb-2017 00:00,08-Feb-2017 00:00,0.0,1.71992643853958,10.0,0.0,2447.0
08-Feb-2017 00:00,09-Feb-2017 00:00,0.0,1.86227934774803,10.0,0.0,2618.0
09-Feb-2017 00:00,10-Feb-2017 00:00,0.0,0.906179999999003,3.0,0.0,1252.0
10-Feb-2017 00:00,11-Feb-2017 00:00,0.0,3.29263308081741,13.0,0.0,4877.0
11-Feb-2017 00:00,12-Feb-2017 00:00,0.0,3.56356122857984,13.0,0.0,5143.0
12-Feb-2017 00:00,13-Feb-2017 00:00,0.0,1.94883999999985,6.0,0.0,2935.0
13-Feb-2017 00:00,14-Feb-2017 00:00,0.0,2.50467545414995,12.0,0.0,3666.0
14-Feb-2017 00:00,15-Feb-2017 00:00,0.0,2.02298266045511,8.0,0.0,2770.0
15-Feb-2017 00:00,16-Feb-2017 00:00,0.0,1.87879098547925,8.0,0.0,2542.0
16-Feb-2017 00:00,17-Feb-2017 00:00,0.0,2.69878434681078,12.0,0.0,4092.0
17-Feb-2017 00:00,18-Feb-2017 00:00,0.0,2.6403333960179,7.0,0.0,3982.0
18-Feb-2017 00:00,19-Feb-2017 00:00,0.0,2.49077672091012,8.0,0.0,4022.51088971694
19-Feb-2017 00:00,20-Feb-2017 00:00,0.0,1.49979327909046,6.0,0.0,2045.48911028306
20-Feb-2017 00:00,21-Feb-2017 00:00,0.0,5.20059999999881,1.0,0.0,7274.0
21-Feb-2017 00:00,22-Feb-2017 00:00,0.0,0.959709999999672,3.0,0.0,1405.0
22-Feb-2017 00:00,23-Feb-2017 00:00,0.0,1.59764354500256,8.0,0.0,2293.0
23-Feb-2017 00:00,24-Feb-2017 00:00,0.0,2.94944853936953,6.0,0.0,4521.15546860441
24-Feb-2017 00:00,25-Feb-2017 00:00,0.0,1.7649566216709,7.0,0.0,2763.84453139559
25-Feb-2017 00:00,26-Feb-2017 00:00,0.0,1.4745576665861,5.0,0.0,2069.41543796254
26-Feb-2017 00:00,27-Feb-2017 00:00,0.0,1.63291016854779,6.0,0.0,2454.58456203746
27-Feb-2017 00:00,28-Feb-2017 00:00,0.0,1.86731562351331,12.0,0.0,2846.0
28-Feb-2017 00:00,01-Mar-2017 00:00,0.0,5.55528185324924,19.0,0.0,7670.0
01-Mar-2017 00:00,02-Mar-2017 00:00,0.0,0.789209999999613,5.0,0.0,1208.0
02-Mar-2017 00:00,03-Mar-2017 00:00,0.0,1.12731605195859,7.0,0.0,1530.0
03-Mar-2017 00:00,04-Mar-2017 00:00,0.0,4.65099975953967,15.0,0.0,7562.0
04-Mar-2017 00:00,05-Mar-2017 00:00,0.0,2.50923564442823,9.0,0.0,3930.0
05-Mar-2017 00:00,06-Mar-2017 00:00,0.0,1.26074999999994,7.0,0.0,2068.0
06-Mar-2017 00:00,07-Mar-2017 00:00,0.0,1.84914000000054,13.0,0.0,2788.0
07-Mar-2017 00:00,08-Mar-2017 00:00,0.0,2.50870780990996,12.0,0.0,3636.02272101424
08-Mar-2017 00:00,09-Mar-2017 00:00,0.0,1.85431265950143,11.0,0.0,2758.97727898576
09-Mar-2017 00:00,10-Mar-2017 00:00,0.0,2.05551374808542,8.0,0.0,2772.0
10-Mar-2017 00:00,11-Mar-2017 00:00,0.0,4.11300005181151,22.0,0.0,6012.0
11-Mar-2017 00:00,12-Mar-2017 00:00,0.0,3.81312698694627,8.0,0.0,5575.0
12-Mar-2017 00:00,13-Mar-2017 00:00,0.0,2.25123180694977,8.0,0.0,3337.0
13-Mar-2017 00:00,14-Mar-2017 00:00,0.0,2.25551763311453,8.0,0.0,3247.0
14-Mar-2017 00:00,15-Mar-2017 00:00,0.0,1.56739937085187,9.0,0.0,2253.0
15-Mar-2017 00:00,16-Mar-2017 00:00,0.0,1.80999615517055,13.0,0.0,2532.0
16-Mar-2017 00:00,17-Mar-2017 00:00,0.0,3.06459977561911,8.0,0.0,4599.0
17-Mar-2017 00:00,18-Mar-2017 00:00,0.0,4.82424447736004,5.0,0.0,7696.0
18-Mar-2017 00:00,19-Mar-2017 00:00,0.0,2.54485271496809,1.0,0.0,3857.0
19-Mar-2017 00:00,20-Mar-2017 00:00,0.0,0.0734399999999441,0.0,0.0,111.0
20-Mar-2017 00:00,21-Mar-2017 00:00,0.0,0.959049999999988,6.0,0.0,1402.0
21-Mar-2017 00:00,22-Mar-2017 00:00,0.0,2.31043887398118,11.0,0.0,3183.0
22-Mar-2017 00:00,23-Mar-2017 00:00,0.0,1.95720889219549,12.0,0.0,2654.0
23-Mar-2017 00:00,24-Mar-2017 00:00,0.0,0.823510000000067,4.0,0.0,1277.0
24-Mar-2017 00:00,25-Mar-2017 00:00,0.0,4.06133710602036,24.0,0.0,5543.0
25-Mar-2017 00:00,26-Mar-2017 00:00,0.0,3.62318342391006,5.0,0.0,4972.0
26-Mar-2017 00:00,27-Mar-2017 00:00,0.0,3.88660999999882,2.0,0.0,6430.0
27-Mar-2017 00:00,28-Mar-2017 00:00,0.0,1.20468000000034,9.0,0.0,1612.0
28-Mar-2017 00:00,29-Mar-2017 00:00,0.0,2.09717401081207,11.0,0.0,2975.0
29-Mar-2017 00:00,30-Mar-2017 00:00,0.0,2.50435658331407,9.0,0.0,3434.0
30-Mar-2017 00:00,31-Mar-2017 00:00,0.0,0.974680063748267,6.0,0.0,1297.0
31-Mar-2017 00:00,01-Apr-2017 00:00,0.0,3.54917739747994,17.0,0.0,5236.0
01-Apr-2017 00:00,02-Apr-2017 00:00,0.0,1.18417553657421,5.0,0.0,1735.0
02-Apr-2017 00:00,03-Apr-2017 00:00,0.0,1.75809506898653,6.0,0.0,2791.0
03-Apr-2017 00:00,04-Apr-2017 00:00,0.0,1.16647000000026,3.0,0.0,1641.0
04-Apr-2017 00:00,05-Apr-2017 00:00,0.0,0.0199300000000512,0.0,0.0,32.0
05-Apr-2017 00:00,06-Apr-2017 00:00,0.0,0.436600000000442,3.0,0.0,652.0
06-Apr-2017 00:00,07-Apr-2017 00:00,0.0,2.22712999999896,7.0,0.0,3375.0
07-Apr-2017 00:00,08-Apr-2017 00:00,0.0,1.90753178780375,11.0,0.0,2653.0
08-Apr-2017 00:00,09-Apr-2017 00:00,0.0,0.0543200000001234,0.0,0.0,83.0
09-Apr-2017 00:00,10-Apr-2017 00:00,0.0,0.0311300000000047,0.0,0.0,43.0
10-Apr-2017 00:00,11-Apr-2017 00:00,0.0,1.67670308394858,8.0,0.0,2510.0
11-Apr-2017 00:00,12-Apr-2017 00:00,0.0,3.50291468429641,15.0,0.0,4737.0
12-Apr-2017 00:00,13-Apr-2017 00:00,0.0,1.09120999999967,4.0,0.0,1578.0
13-Apr-2017 00:00,14-Apr-2017 00:00,0.0,3.00322277755337,2.0,0.0,5006.0
14-Apr-2017 00:00,15-Apr-2017 00:00,0.0,2.66449486279773,11.0,0.0,4052.0
15-Apr-2017 00:00,16-Apr-2017 00:00,0.0,3.71760657237202,4.0,0.0,5643.0
16-Apr-2017 00:00,17-Apr-2017 00:00,0.0,1.62395098953357,4.0,0.0,2416.0
17-Apr-2017 00:00,18-Apr-2017 00:00,0.0,0.747877747935068,3.0,0.0,1100.0
18-Apr-2017 00:00,19-Apr-2017 00:00,0.0,2.64638854792627,8.0,0.0,3753.0
19-Apr-2017 00:00,20-Apr-2017 00:00,0.0,14.3755795378195,30.0,0.0,22064.0
20-Apr-2017 00:00,21-Apr-2017 00:00,0.0,14.2827363957114,21.0,0.0,21137.0
21-Apr-2017 00:00,22-Apr-2017 00:00,0.0,12.1432222543509,44.0,0.0,19168.0
22-Apr-2017 00:00,23-Apr-2017 00:00,0.0,11.4950701914416,15.0,0.0,17761.0
23-Apr-2017 00:00,24-Apr-2017 00:00,0.0,1.66863999999897,4.0,0.0,2403.0
24-Apr-2017 00:00,25-Apr-2017 00:00,0.0,3.98470415018417,4.0,0.0,6071.0
25-Apr-2017 00:00,26-Apr-2017 00:00,0.0,1.19414880893973,6.0,0.0,1747.0
26-Apr-2017 00:00,27-Apr-2017 00:00,0.0,1.33739599170559,2.0,0.0,1998.0
27-Apr-2017 00:00,28-Apr-2017 00:00,0.0,1.37994843761763,3.0,0.0,2031.0
28-Apr-2017 00:00,29-Apr-2017 00:00,0.0,2.43892159359925,8.0,0.0,3663.0
29-Apr-2017 00:00,30-Apr-2017 00:00,0.0,3.5458228401778,13.0,0.0,5037.19799640011
30-Apr-2017 00:00,01-May-2017 00:00,0.0,2.08160552186461,8.0,0.0,2944.80200359989
01-May-2017 00:00,02-May-2017 00:00,0.0,2.50915999999898,7.0,0.0,3638.0
02-May-2017 00:00,03-May-2017 00:00,0.0,1.14515025867161,3.0,0.0,1766.0
03-May-2017 00:00,04-May-2017 00:00,0.0,1.73763404667249,4.0,0.0,2609.0
04-May-2017 00:00,05-May-2017 00:00,0.0,1.59623335777002,7.0,0.0,2344.0
05-May-2017 00:00,06-May-2017 00:00,0.0,6.12401379274515,4.0,0.0,9399.28983678686
06-May-2017 00:00,07-May-2017 00:00,0.0,1.91452261729752,5.0,0.0,2802.71016321314
07-May-2017 00:00,08-May-2017 00:00,0.0,2.36897707590472,11.0,0.0,3609.0
08-May-2017 00:00,09-May-2017 00:00,0.0,1.73882999999926,4.0,0.0,2531.0
09-May-2017 00:00,10-May-2017 00:00,0.0,1.24651999999909,2.0,0.0,1910.0
10-May-2017 00:00,11-May-2017 00:00,0.0,4.22210865193349,3.0,0.0,6753.0
11-May-2017 00:00,12-May-2017 00:00,0.0,2.12431999999855,0.0,0.0,3206.0
12-May-2017 00:00,13-May-2017 00:00,0.0,2.1855699999996,12.0,0.0,3355.0
13-May-2017 00:00,14-May-2017 00:00,0.0,4.49286262909055,2.0,0.0,6397.0
14-May-2017 00:00,15-May-2017 00:00,0.0,7.70485317110131,5.0,0.0,11563.0
15-May-2017 00:00,16-May-2017 00:00,0.0,1.02970260128845,5.0,0.0,1697.0
16-May-2017 00:00,17-May-2017 00:00,0.0,1.2543029802962,4.0,0.0,1868.0
17-May-2017 00:00,18-May-2017 00:00,0.0,1.12261667004961,5.0,0.0,1694.0
18-May-2017 00:00,19-May-2017 00:00,0.0,1.43959829817223,4.0,0.0,2329.0
19-May-2017 00:00,20-May-2017 00:00,0.0,3.08535999999952,6.0,0.0,4717.0
20-May-2017 00:00,21-May-2017 00:00,0.0,5.14556427624531,3.0,0.0,7535.0
21-May-2017 00:00,22-May-2017 00:00,0.0,3.54876977098163,6.0,0.0,5533.0
22-May-2017 00:00,23-May-2017 00:00,0.0,1.10799999999837,6.0,0.0,1807.0
23-May-2017 00:00,24-May-2017 00:00,0.0,1.76832418108557,5.0,0.0,2656.0
24-May-2017 00:00,25-May-2017 00:00,0.0,2.17920307079125,5.0,0.0,3361.77518662901
25-May-2017 00:00,26-May-2017 00:00,0.0,1.38985882561522,7.0,0.0,2084.22481337099
26-May-2017 00:00,27-May-2017 00:00,0.0,3.37158353151125,7.0,0.0,5136.0
27-May-2017 00:00,28-May-2017 00:00,0.0,5.10302215051779,9.0,0.0,7368.0
28-May-2017 00:00,29-May-2017 00:00,0.0,1.57873209074431,7.0,0.0,2311.0
29-May-2017 00:00,30-May-2017 00:00,0.0,1.48351999999816,5.0,0.0,2224.0
30-May-2017 00:00,31-May-2017 00:00,0.0,2.92732124094618,6.0,0.0,4402.0
31-May-2017 00:00,01-Jun-2017 00:00,0.0,1.52030610634037,4.0,0.0,2463.0
01-Jun-2017 00:00,02-Jun-2017 00:00,0.0,4.08921528865478,4.0,0.0,6413.0
02-Jun-2017 00:00,03-Jun-2017 00:00,0.0,2.87846031584833,14.0,0.0,4572.60887359346
03-Jun-2017 00:00,04-Jun-2017 00:00,0.0,1.60846454494826,7.0,0.0,2429.34569944621
04-Jun-2017 00:00,05-Jun-2017 00:00,0.0,3.61045793591086,6.0,0.0,5544.04542696033
05-Jun-2017 00:00,06-Jun-2017 00:00,0.0,1.85349265042332,7.0,0.0,2856.0
06-Jun-2017 00:00,07-Jun-2017 00:00,0.0,2.74001572931139,13.0,0.0,3877.0
07-Jun-2017 00:00,08-Jun-2017 00:00,0.0,1.11821000000066,4.0,0.0,1761.0
08-Jun-2017 00:00,09-Jun-2017 00:00,0.0,1.51169999999856,4.0,0.0,2406.0
09-Jun-2017 00:00,10-Jun-2017 00:00,0.0,1.74635055020975,5.0,0.0,2707.0
10-Jun-2017 00:00,11-Jun-2017 00:00,0.0,3.02307776400753,9.0,0.0,4784.81043334513
11-Jun-2017 00:00,12-Jun-2017 00:00,0.0,3.4032556790729,8.0,0.0,5134.18956665488
12-Jun-2017 00:00,13-Jun-2017 00:00,0.0,1.19801080755971,4.0,0.0,1928.0
13-Jun-2017 00:00,14-Jun-2017 00:00,0.0,1.28596999999951,4.0,0.0,2049.0
14-Jun-2017 00:00,15-Jun-2017 00:00,0.0,2.13113000000129,1.0,0.0,3448.0
15-Jun-2017 00:00,16-Jun-2017 00:00,0.0,1.42407779343997,6.0,0.0,2247.0
16-Jun-2017 00:00,17-Jun-2017 00:00,0.0,1.23008231586486,6.0,0.0,2028.0
17-Jun-2017 00:00,18-Jun-2017 00:00,0.0,3.75891423043807,6.0,0.0,5549.0
18-Jun-2017 00:00,19-Jun-2017 00:00,0.0,1.52047699967038,3.0,0.0,2319.0
19-Jun-2017 00:00,20-Jun-2017 00:00,0.0,0.0,0.0,0.0,0.0
20-Jun-2017 00:00,21-Jun-2017 00:00,0.0,0.0,0.0,0.0,0.0
21-Jun-2017 00:00,22-Jun-2017 00:00,0.0,0.0,0.0,0.0,0.0
22-Jun-2017 00:00,23-Jun-2017 00:00,0.0,0.0,0.0,0.0,0.0
23-Jun-2017 00:00,24-Jun-2017 00:00,0.0,0.0,0.0,0.0,0.0
24-Jun-2017 00:00,25-Jun-2017 00:00,0.0,0.0,0.0,0.0,0.0
25-Jun-2017 00:00,26-Jun-2017 00:00,0.0,0.0,0.0,0.0,0.0
26-Jun-2017 00:00,27-Jun-2017 00:00,0.0,0.0,0.0,0.0,0.0
27-Jun-2017 00:00,28-Jun-2017 00:00,0.0,0.0,0.0,0.0,0.0
28-Jun-2017 00:00,29-Jun-2017 00:00,0.0,0.0,0.0,0.0,0.0
29-Jun-2017 00:00,30-Jun-2017 00:00,0.0,0.0,0.0,0.0,0.0
30-Jun-2017 00:00,01-Jul-2017 00:00,0.0,0.0,0.0,0.0,0.0
01-Jul-2017 00:00,02-Jul-2017 00:00,0.0,0.0,0.0,0.0,0.0
02-Jul-2017 00:00,03-Jul-2017 00:00,0.0,0.0,0.0,0.0,0.0
03-Jul-2017 00:00,04-Jul-2017 00:00,0.0,0.000939999999944121,0.0,0.0,2.0
04-Jul-2017 00:00,05-Jul-2017 00:00,0.0,0.0,0.0,0.0,0.0
05-Jul-2017 00:00,06-Jul-2017 00:00,0.0,0.0,0.0,0.0,0.0
06-Jul-2017 00:00,07-Jul-2017 00:00,0.0,0.0,0.0,0.0,0.0
07-Jul-2017 00:00,08-Jul-2017 00:00,0.0,0.0,0.0,0.0,0.0
08-Jul-2017 00:00,09-Jul-2017 00:00,0.0,0.0,0.0,0.0,0.0
09-Jul-2017 00:00,10-Jul-2017 00:00,0.0,0.0,0.0,0.0,0.0
10-Jul-2017 00:00,11-Jul-2017 00:00,0.0,0.0,0.0,0.0,0.0
11-Jul-2017 00:00,12-Jul-2017 00:00,0.0,0.0,0.0,0.0,0.0
12-Jul-2017 00:00,13-Jul-2017 00:00,0.0,0.0,0.0,0.0,0.0
13-Jul-2017 00:00,14-Jul-2017 00:00,0.0,0.0,0.0,0.0,0.0
14-Jul-2017 00:00,15-Jul-2017 00:00,0.0,0.0,0.0,0.0,0.0
15-Jul-2017 00:00,16-Jul-2017 00:00,0.0,0.0,0.0,0.0,0.0
16-Jul-2017 00:00,17-Jul-2017 00:00,0.0,0.0,0.0,0.0,0.0
17-Jul-2017 00:00,18-Jul-2017 00:00,0.0,0.0,0.0,0.0,0.0
18-Jul-2017 00:00,19-Jul-2017 00:00,0.0,0.0,0.0,0.0,0.0
19-Jul-2017 00:00,20-Jul-2017 00:00,0.0,0.0,0.0,0.0,0.0
20-Jul-2017 00:00,21-Jul-2017 00:00,0.0,0.0,0.0,0.0,0.0
21-Jul-2017 00:00,22-Jul-2017 00:00,0.0,0.0,0.0,0.0,0.0
22-Jul-2017 00:00,23-Jul-2017 00:00,0.0,0.0,0.0,0.0,0.0
23-Jul-2017 00:00,24-Jul-2017 00:00,0.0,0.0,0.0,0.0,0.0
24-Jul-2017 00:00,25-Jul-2017 00:00,0.0,0.0,0.0,0.0,0.0
25-Jul-2017 00:00,26-Jul-2017 00:00,0.0,0.0,0.0,0.0,0.0
26-Jul-2017 00:00,27-Jul-2017 00:00,0.0,0.0,0.0,0.0,0.0
27-Jul-2017 00:00,28-Jul-2017 00:00,0.0,0.0,0.0,0.0,0.0
28-Jul-2017 00:00,29-Jul-2017 00:00,0.0,0.0,0.0,0.0,0.0
29-Jul-2017 00:00,30-Jul-2017 00:00,0.0,0.0,0.0,0.0,0.0
30-Jul-2017 00:00,31-Jul-2017 00:00,0.0,0.0,0.0,0.0,0.0
31-Jul-2017 00:00,01-Aug-2017 00:00,0.0,0.0,0.0,0.0,0.0
01-Aug-2017 00:00,02-Aug-2017 00:00,0.0,0.0,0.0,0.0,0.0
02-Aug-2017 00:00,03-Aug-2017 00:00,0.0,0.0,0.0,0.0,0.0
03-Aug-2017 00:00,04-Aug-2017 00:00,0.0,0.0,0.0,0.0,0.0
04-Aug-2017 00:00,05-Aug-2017 00:00,0.0,0.0,0.0,0.0,0.0
05-Aug-2017 00:00,06-Aug-2017 00:00,0.0,0.0,0.0,0.0,0.0
06-Aug-2017 00:00,07-Aug-2017 00:00,0.0,0.0,0.0,0.0,0.0
07-Aug-2017 00:00,08-Aug-2017 00:00,0.0,0.0,0.0,0.0,0.0
08-Aug-2017 00:00,09-Aug-2017 00:00,0.0,0.0,0.0,0.0,0.0
09-Aug-2017 00:00,10-Aug-2017 00:00,0.0,0.0,0.0,0.0,0.0
10-Aug-2017 00:00,11-Aug-2017 00:00,0.0,0.0,0.0,0.0,0.0
11-Aug-2017 00:00,12-Aug-2017 00:00,0.0,0.0,0.0,0.0,0.0
12-Aug-2017 00:00,13-Aug-2017 00:00,0.0,0.0,0.0,0.0,0.0
13-Aug-2017 00:00,14-Aug-2017 00:00,0.0,0.0,0.0,0.0,0.0
14-Aug-2017 00:00,15-Aug-2017 00:00,0.0,0.0,0.0,0.0,0.0
15-Aug-2017 00:00,16-Aug-2017 00:00,0.0,0.0,0.0,0.0,0.0
16-Aug-2017 00:00,17-Aug-2017 00:00,0.0,0.0,0.0,0.0,0.0
17-Aug-2017 00:00,18-Aug-2017 00:00,0.0,0.0,0.0,0.0,0.0
18-Aug-2017 00:00,19-Aug-2017 00:00,0.0,0.0,0.0,0.0,0.0
19-Aug-2017 00:00,20-Aug-2017 00:00,0.0,0.0,0.0,0.0,0.0
20-Aug-2017 00:00,21-Aug-2017 00:00,0.0,0.0,0.0,0.0,0.0
21-Aug-2017 00:00,22-Aug-2017 00:00,0.0,0.0,0.0,0.0,0.0
22-Aug-2017 00:00,23-Aug-2017 00:00,0.0,0.0,0.0,0.0,0.0
23-Aug-2017 00:00,24-Aug-2017 00:00,0.0,0.0,0.0,0.0,0.0
24-Aug-2017 00:00,25-Aug-2017 00:00,0.0,0.0,0.0,0.0,0.0
25-Aug-2017 00:00,26-Aug-2017 00:00,0.0,0.0490599999999395,1.0,0.0,78.0
26-Aug-2017 00:00,27-Aug-2017 00:00,0.0,1.22984999999893,0.0,0.0,1908.0
27-Aug-2017 00:00,28-Aug-2017 00:00,0.0,0.871369999998831,5.0,0.0,1240.0
28-Aug-2017 00:00,29-Aug-2017 00:00,0.0,1.0760900000002,0.0,0.0,1651.0
29-Aug-2017 00:00,30-Aug-2017 00:00,0.0,1.21418896972004,4.0,0.0,1967.0
30-Aug-2017 00:00,31-Aug-2017 00:00,0.0,2.27688999999571,5.0,0.0,3749.0
31-Aug-2017 00:00,01-Sep-2017 00:00,0.0,0.919299999999814,0.0,0.0,1401.0
01-Sep-2017 00:00,02-Sep-2017 00:00,0.0,1.52926999999979,5.0,0.0,2484.0
02-Sep-2017 00:00,03-Sep-2017 00:00,0.0,1.07012000000023,5.0,0.0,1611.0
03-Sep-2017 00:00,04-Sep-2017 00:00,0.0,1.11764999999944,6.0,0.0,1683.0
04-Sep-2017 00:00,05-Sep-2017 00:00,0.0,1.04327000000037,0.0,0.0,1641.0
05-Sep-2017 00:00,06-Sep-2017 00:00,0.0,0.959890000000829,0.0,0.0,1497.0
06-Sep-2017 00:00,07-Sep-2017 00:00,0.0,1.27086999999906,4.0,0.0,2008.0
07-Sep-2017 00:00,08-Sep-2017 00:00,0.0,1.01018999999936,4.0,0.0,1553.0
08-Sep-2017 00:00,09-Sep-2017 00:00,0.0,1.40544000000041,5.0,0.0,2231.0
09-Sep-2017 00:00,10-Sep-2017 00:00,0.0,0.492714118384238,1.0,0.0,709.01759265466
10-Sep-2017 00:00,11-Sep-2017 00:00,0.0,0.695045881615772,6.0,0.0,1034.98240734534
11-Sep-2017 00:00,12-Sep-2017 00:00,0.0,1.24742999999912,1.0,0.0,1806.0
12-Sep-2017 00:00,13-Sep-2017 00:00,0.0,1.13878999999922,0.0,0.0,1710.0
13-Sep-2017 00:00,14-Sep-2017 00:00,0.0,1.36012251180934,3.0,0.0,2047.9236865454
14-Sep-2017 00:00,15-Sep-2017 00:00,0.0,3.10770806007192,0.0,0.0,4400.0763134546
15-Sep-2017 00:00,16-Sep-2017 00:00,0.0,4.33843317038775,0.0,0.0,6572.0
16-Sep-2017 00:00,17-Sep-2017 00:00,0.0,3.77923470448656,2.0,0.0,6034.0
17-Sep-2017 00:00,18-Sep-2017 00:00,0.0,3.85716999999539,6.0,0.0,5917.0
18-Sep-2017 00:00,19-Sep-2017 00:00,0.0,2.03804999999842,0.0,0.0,3220.0
19-Sep-2017 00:00,20-Sep-2017 00:00,0.0,1.46924999999802,0.0,0.0,2222.0
20-Sep-2017 00:00,21-Sep-2017 00:00,0.0,1.41393000000028,6.0,0.0,2174.0
21-Sep-2017 00:00,22-Sep-2017 00:00,0.0,1.37221999999869,2.0,0.0,2019.0
22-Sep-2017 00:00,23-Sep-2017 00:00,12.608,1.72859337072458,4.0,88.5331026721874,2608.94968506121
23-Sep-2017 00:00,24-Sep-2017 00:00,142.545776557133,3.5340631775519,3.0,1449.02496663015,4432.07948585681
24-Sep-2017 00:00,25-Sep-2017 00:00,442.469223442868,4.83192308400895,11.0,1503.23202600879,6409.05462196032
25-Sep-2017 00:00,26-Sep-2017 00:00,297.09,5.19518950992753,4.0,1519.61669585289,6718.64838256341
26-Sep-2017 00:00,27-Sep-2017 00:00,138.836,2.49204929255807,2.0,1460.46460134984,3416.5686227127
27-Sep-2017 00:00,28-Sep-2017 00:00,215.436,2.59934895041476,4.0,1497.95797303941,3343.09134144339
28-Sep-2017 00:00,29-Sep-2017 00:00,240.057,3.36214774758705,4.0,1511.21086766965,4245.35899935561
29-Sep-2017 00:00,30-Sep-2017 00:00,327.845877294484,5.6408344453076,8.0,1528.39671717726,7233.09719830263
30-Sep-2017 00:00,01-Oct-2017 00:00,574.514122705516,5.97200363264077,5.0,1460.00547258046,8035.17855548409
01-Oct-2017 00:00,02-Oct-2017 00:00,457.291999999999,3.88683796656933,8.0,1477.9698440307,5170.27797144096
02-Oct-2017 00:00,03-Oct-2017 00:00,294.181,5.58692735467824,9.0,1505.0223932818,7235.57147592012
03-Oct-2017 00:00,04-Oct-2017 00:00,238.398,4.06287269953819,6.0,1503.86800790363,5125.05238528446
04-Oct-2017 00:00,05-Oct-2017 00:00,232.26,3.10852541418313,4.0,1505.11695700306,4044.0
05-Oct-2017 00:00,06-Oct-2017 00:00,268.61,4.18296408853681,5.0,1509.24899483264,5378.78135197693
06-Oct-2017 00:00,07-Oct-2017 00:00,236.613,3.74687003065313,10.0,1501.09461876438,4909.23068993514
07-Oct-2017 00:00,08-Oct-2017 00:00,0.0,2.43120999999822,6.0,1392.864,3833.0
08-Oct-2017 00:00,09-Oct-2017 00:00,641.808,6.04090096522904,7.0,1481.08783610134,7899.39351220199
09-Oct-2017 00:00,10-Oct-2017 00:00,248.703,4.09797312284757,3.0,1500.51706548586,5330.95471021251
10-Oct-2017 00:00,11-Oct-2017 00:00,267.638,4.36183774178188,6.0,1524.2151427925,5628.0804218786
11-Oct-2017 00:00,12-Oct-2017 00:00,208.967,3.05830013540284,3.0,1494.02453225459,3833.12168853036
12-Oct-2017 00:00,13-Oct-2017 00:00,352.246,7.76804143862001,12.0,1502.05529377051,9910.49733806145
13-Oct-2017 00:00,14-Oct-2017 00:00,270.744000000001,4.27831661495729,5.0,1504.57135655772,5483.60643593787
14-Oct-2017 00:00,15-Oct-2017 00:00,90.347,2.38764990414493,0.0,1426.04711751992,3272.98015351948
15-Oct-2017 00:00,16-Oct-2017 00:00,542.080000000004,4.3783290280389,3.0,1463.2759725896,5722.0
16-Oct-2017 00:00,17-Oct-2017 00:00,280.23,4.28447591819424,2.0,1515.73644379009,5430.17654794121
17-Oct-2017 00:00,18-Oct-2017 00:00,221.862,2.64186288821116,6.0,1494.37377193484,3367.09478373015
18-Oct-2017 00:00,19-Oct-2017 00:00,223.179,2.81747064387118,4.0,1508.83129433772,3577.96484019008
19-Oct-2017 00:00,20-Oct-2017 00:00,279.537,4.39071412576402,4.0,1529.50666325945,5577.17287037141
20-Oct-2017 00:00,21-Oct-2017 00:00,196.783,3.85406767212858,8.0,1472.68857586951,5053.29564260073
21-Oct-2017 00:00,22-Oct-2017 00:00,117.839,2.78405844439099,3.0,1435.34870724105,3613.9804936771
22-Oct-2017 00:00,23-Oct-2017 00:00,558.972999999997,6.12060184297567,6.0,1464.41978726936,7995.73115819073
23-Oct-2017 00:00,24-Oct-2017 00:00,637.488090286886,4.77681804368754,5.0,1470.74812037506,6458.0
24-Oct-2017 00:00,25-Oct-2017 00:00,143.310023197485,2.3477221808422,5.0,1457.15272623264,3021.1636501046
25-Oct-2017 00:00,26-Oct-2017 00:00,423.609886515627,6.61230913205928,3.0,1501.29430692898,8613.87970591254
26-Oct-2017 00:00,27-Oct-2017 00:00,206.587,5.13683407532873,1.0,1468.55125335238,6962.75688259606
27-Oct-2017 00:00,28-Oct-2017 00:00,568.234464451846,7.17823065561948,8.0,1484.20100992362,9460.66031727747
28-Oct-2017 00:00,29-Oct-2017 00:00,219.264535548154,3.17918226858033,15.0,1495.58305418975,4132.01763226916
29-Oct-2017 00:00,30-Oct-2017 00:00,366.807,9.67691304397103,8.0,1572.54763000096,12771.0
30-Oct-2017 00:00,31-Oct-2017 00:00,373.876,9.9645428427078,4.0,1510.03927999279,13065.0
31-Oct-2017 00:00,01-Nov-2017 00:00,359.862,9.31895599707331,11.0,1503.16628200511,12238.925386117
01-Nov-2017 00:00,02-Nov-2017 00:00,217.258,3.25825540957646,7.0,1492.29002052457,4250.0
02-Nov-2017 00:00,03-Nov-2017 00:00,135.857431119465,2.50191205817901,1.0,1455.54205642623,3213.11006882534
03-Nov-2017 00:00,04-Nov-2017 00:00,57.2438694124369,1.56115820974416,5.0,1415.26824055309,2088.93752713937
04-Nov-2017 00:00,05-Nov-2017 00:00,140.856725009355,1.77742084932862,7.0,1467.46667262697,2294.60212771364
05-Nov-2017 00:00,06-Nov-2017 00:00,160.226974458743,1.97921121051071,3.0,1479.61103319028,2525.84945125393
06-Nov-2017 00:00,07-Nov-2017 00:00,152.544954263162,1.78230499719337,3.0,1475.78457554847,2278.00766533531
07-Nov-2017 00:00,08-Nov-2017 00:00,164.285580823026,2.95496448048826,10.0,1465.67950123276,3793.90013765628
08-Nov-2017 00:00,09-Nov-2017 00:00,80.6564649138127,2.9170673040252,5.0,1429.16520591593,3917.9461677714
09-Nov-2017 00:00,10-Nov-2017 00:00,0.929,0.401107913488578,1.0,1393.17168020203,585.535000582825
10-Nov-2017 00:00,11-Nov-2017 00:00,133.100679437108,2.60103560716618,5.0,1456.05289873477,3316.0
11-Nov-2017 00:00,12-Nov-2017 00:00,87.0023205628919,1.87924610144995,7.0,1436.87610221599,2491.36445709788
12-Nov-2017 00:00,13-Nov-2017 00:00,497.952,4.20081532991245,6.0,1487.65315888387,5678.82114867826
13-Nov-2017 00:00,14-Nov-2017 00:00,247.415000000001,4.78513821438112,10.0,1497.65337774831,6214.25009964205
14-Nov-2017 00:00,15-Nov-2017 00:00,132.359481708803,1.84965618465324,6.0,1462.49741537139,2409.67585369002
15-Nov-2017 00:00,16-Nov-2017 00:00,200.888518291198,3.89150306476234,6.0,1475.88203834524,5045.79909817649
16-Nov-2017 00:00,17-Nov-2017 00:00,115.524191560107,2.45958507511466,4.0,1446.91100394443,3218.64256520021
17-Nov-2017 00:00,18-Nov-2017 00:00,201.760808439894,3.55698084332836,4.0,1468.54886665125,4465.18660612694
18-Nov-2017 00:00,19-Nov-2017 00:00,212.384098692422,5.29689509982096,7.0,1470.75984556098,7103.05170626317
19-Nov-2017 00:00,20-Nov-2017 00:00,170.860901307578,3.32825426327892,10.0,1457.38236686012,4350.83094416881
20-Nov-2017 00:00,21-Nov-2017 00:00,175.625887611371,4.05709077337674,12.0,1471.00132066333,5589.84742901914
21-Nov-2017 00:00,22-Nov-2017 00:00,242.196074068467,5.83554859092666,4.0,1485.74390995615,7677.29573427653
22-Nov-2017 00:00,23-Nov-2017 00:00,113.374038320162,5.11118540337455,6.0,1438.74424504826,7224.10871031495
23-Nov-2017 00:00,24-Nov-2017 00:00,253.158,4.76876122407449,16.0,1487.00075133448,6182.27621341496
24-Nov-2017 00:00,25-Nov-2017 00:00,414.005084267426,9.73788719382418,7.0,1527.40181475593,12551.4283006054
25-Nov-2017 00:00,26-Nov-2017 00:00,208.32465703781,3.65414395520221,9.0,1483.91241874619,4710.5070255089
26-Nov-2017 00:00,27-Nov-2017 00:00,151.084258694764,2.2587121219281,10.0,1461.33083649453,2950.06043712234
27-Nov-2017 00:00,28-Nov-2017 00:00,385.503,9.2804777845483,14.0,1515.85437151856,12305.109646801
28-Nov-2017 00:00,29-Nov-2017 00:00,217.758,3.00051767195345,10.0,1501.12652115621,3818.07494397024
29-Nov-2017 00:00,30-Nov-2017 00:00,231.952,2.98155215159757,9.0,1505.10434060886,3886.89971970257
30-Nov-2017 00:00,01-Dec-2017 00:00,195.859,1.87350708481755,6.0,1490.59967599828,2396.20146099735
01-Dec-2017 00:00,02-Dec-2017 00:00,163.985,3.23496619709054,11.0,1469.14192558552,4453.9881085833
02-Dec-2017 00:00,03-Dec-2017 00:00,198.106,3.46817477726806,4.0,1474.21394573264,4537.07252337865
03-Dec-2017 00:00,04-Dec-2017 00:00,203.722315408365,3.38242348133687,5.0,1478.20360433284,4325.48624853986
04-Dec-2017 00:00,05-Dec-2017 00:00,219.244684591635,1.71918869145505,6.0,1509.90546444318,2263.35944327329
05-Dec-2017 00:00,06-Dec-2017 00:00,175.091,1.8991379988578,3.0,1488.810609292,2447.03270529498
06-Dec-2017 00:00,07-Dec-2017 00:00,216.274,2.99375884332662,9.0,1497.19437633689,3908.80835920544
07-Dec-2017 00:00,08-Dec-2017 00:00,195.513,2.2645725078778,6.0,1496.52607590145,2961.16315471928
08-Dec-2017 00:00,09-Dec-2017 00:00,265.639653448368,4.14903734159815,10.0,1521.42138245456,5436.91269909324
09-Dec-2017 00:00,10-Dec-2017 00:00,474.924611719936,12.1249105195454,15.0,1528.78158902137,16463.664575737
10-Dec-2017 00:00,11-Dec-2017 00:00,407.776734831695,10.230364980268,14.0,1500.5064520197,13011.9053513968
11-Dec-2017 00:00,12-Dec-2017 00:00,220.879,2.19155609422596,6.0,1510.21633553324,2833.03016617987
12-Dec-2017 00:00,13-Dec-2017 00:00,190.352,2.85973429894189,6.0,1479.13232968456,3782.03303143978
13-Dec-2017 00:00,14-Dec-2017 00:00,204.281,2.80904464066944,6.0,1489.20167125105,3707.75023080021
14-Dec-2017 00:00,15-Dec-2017 00:00,194.111,2.07419011013634,6.0,1499.40175382779,2714.10023574685
15-Dec-2017 00:00,16-Dec-2017 00:00,222.710505756248,3.10327107491139,9.0,1509.73990050804,4029.43567748046
16-Dec-2017 00:00,17-Dec-2017 00:00,213.329494243752,5.37840364038531,5.0,1474.59613892109,7540.28970280486
17-Dec-2017 00:00,18-Dec-2017 00:00,0.034,1.29873000000115,4.0,1392.07924783429,1842.0
18-Dec-2017 00:00,19-Dec-2017 00:00,218.88,2.3480747559358,7.0,1512.2071215655,3041.548172677
19-Dec-2017 00:00,20-Dec-2017 00:00,176.932,1.84385256941,6.0,1481.99446094974,2402.10824577708
20-Dec-2017 00:00,21-Dec-2017 00:00,160.638,1.60899408245197,6.0,1474.72988936444,2119.52358469816
21-Dec-2017 00:00,22-Dec-2017 00:00,312.699,5.95647555387688,6.0,1517.27365388442,7864.04645962744
22-Dec-2017 00:00,23-Dec-2017 00:00,253.437175776826,3.00827838416414,5.0,1518.41052590705,3823.02197216745
23-Dec-2017 00:00,24-Dec-2017 00:00,11.0958242231748,6.02787780105847,5.0,1397.84985754725,8864.0
24-Dec-2017 00:00,25-Dec-2017 00:00,57.2474515095667,1.09723298023454,0.0,1433.83411472779,1442.9985523948
25-Dec-2017 00:00,26-Dec-2017 00:00,173.900548490433,2.23909385203851,3.0,1486.25487568368,2898.11714614736
26-Dec-2017 00:00,27-Dec-2017 00:00,225.759,2.14145228172788,7.0,1515.63405657329,2774.45644157314
27-Dec-2017 00:00,28-Dec-2017 00:00,204.8,2.7441729773413,6.0,1487.83810827569,3577.15161271969
28-Dec-2017 00:00,29-Dec-2017 00:00,214.824,2.78523471579272,3.0,1496.45024762609,3658.16716864197
29-Dec-2017 00:00,30-Dec-2017 00:00,253.263536250489,3.12282037523745,6.0,1522.63568760326,4041.94520238543
30-Dec-2017 00:00,31-Dec-2017 00:00,162.642046235816,2.93295660087413,4.0,1467.15373835653,3928.2966897899
31-Dec-2017 00:00,01-Jan-2018 00:00,155.942417513695,3.37246367228656,5.0,1464.53756539076,4343.49460036188
01-Jan-2018 00:00,02-Jan-2018 00:00,18.729,1.41965894937687,6.0,1397.01520881793,1990.17189835777
02-Jan-2018 00:00,03-Jan-2018 00:00,181.861462163232,3.95065579936596,5.0,1470.5702109249,5265.13036394118
03-Jan-2018 00:00,04-Jan-2018 00:00,9.69953783676856,1.2148594657561,4.0,1395.39756111854,1875.92168594028
04-Jan-2018 00:00,05-Jan-2018 00:00,285.43426968058,6.46411111995693,6.0,1496.94277853334,8440.5467936321
05-Jan-2018 00:00,06-Jan-2018 00:00,197.117024546805,3.44550157757502,6.0,1483.69790395133,4476.72697232767
06-Jan-2018 00:00,07-Jan-2018 00:00,388.432550898293,9.4909407966675,7.0,1509.73779511844,12724.5618952656
07-Jan-2018 00:00,08-Jan-2018 00:00,231.974458187121,4.32375324738785,5.0,1478.2244000816,5506.39676475367
08-Jan-2018 00:00,09-Jan-2018 00:00,22.4186966872018,3.43620209569439,13.0,1398.93225895216,4826.44350747133
09-Jan-2018 00:00,10-Jan-2018 00:00,0.0,1.26977986898695,7.0,1392.864,1854.18650283933
10-Jan-2018 00:00,11-Jan-2018 00:00,280.977,6.4335100223784,6.0,1492.17645226588,8220.2307442595
11-Jan-2018 00:00,12-Jan-2018 00:00,228.542,4.84823313859051,6.0,1490.38141108212,6248.93782079033
12-Jan-2018 00:00,13-Jan-2018 00:00,201.010567051754,4.08845970767645,4.0,1477.80470675766,5332.48122906746
13-Jan-2018 00:00,14-Jan-2018 00:00,418.650661671804,8.67816888592001,26.0,1513.71994455308,11165.6061897598
14-Jan-2018 00:00,15-Jan-2018 00:00,203.295771276444,3.96711849665467,0.0,1472.31615041193,5464.71575500782
15-Jan-2018 00:00,16-Jan-2018 00:00,415.303,11.102732910675,7.0,1529.10578677853,15265.0
16-Jan-2018 00:00,17-Jan-2018 00:00,506.587795852682,15.5634907518553,24.0,1527.59666744085,20769.1179683456
17-Jan-2018 00:00,18-Jan-2018 00:00,555.874003306433,12.6302796161957,22.0,1547.60954379834,17048.6508575202
18-Jan-2018 00:00,19-Jan-2018 00:00,199.802232581934,2.86449425981349,4.0,1502.919035757,3700.17188266313
19-Jan-2018 00:00,20-Jan-2018 00:00,183.330039297038,4.118225395128,4.0,1464.31440867156,5383.58234685697
20-Jan-2018 00:00,21-Jan-2018 00:00,281.026951302805,5.99283399939109,9.0,1492.14067929708,7692.54473332684
21-Jan-2018 00:00,22-Jan-2018 00:00,201.290977659107,2.9668035505372,31.0,1470.4558414646,3794.61452151682
22-Jan-2018 00:00,23-Jan-2018 00:00,193.616,3.77559866512051,7.0,1475.62789433888,5088.55243737395
23-Jan-2018 00:00,24-Jan-2018 00:00,208.645485437735,4.88930677069702,6.0,1480.54333618863,6193.22377449305
24-Jan-2018 00:00,25-Jan-2018 00:00,124.510567853051,3.51221507125112,7.0,1447.58383351083,4748.71002711974
25-Jan-2018 00:00,26-Jan-2018 00:00,453.666251605874,9.35512554136889,10.0,1533.65403786936,12322.5222855084
26-Jan-2018 00:00,27-Jan-2018 00:00,547.202419392888,15.8256860135157,5.0,1511.21942399251,20514.2951359464
27-Jan-2018 00:00,28-Jan-2018 00:00,593.865450561723,15.3011120069949,16.0,1504.5458478966,19734.0659546798
28-Jan-2018 00:00,29-Jan-2018 00:00,636.938428677836,17.9984998945029,17.0,1511.41811959694,24280.7234824571
29-Jan-2018 00:00,30-Jan-2018 00:00,606.02850294586,15.6776921652425,21.0,1525.04516869692,20701.1916938199
30-Jan-2018 00:00,31-Jan-2018 00:00,254.474602795784,5.33195381836964,1.0,1504.25039097406,7024.16639183152
31-Jan-2018 00:00,01-Feb-2018 00:00,349.991313392656,8.74751309139059,14.0,1494.86257479504,11655.8981968534
01-Feb-2018 00:00,02-Feb-2018 00:00,265.403102730521,6.12789658697068,10.0,1487.50016576657,7936.41922269046
02-Feb-2018 00:00,03-Feb-2018 00:00,257.513734308306,5.36073091460273,5.0,1485.59964722313,6775.10856465825
03-Feb-2018 00:00,04-Feb-2018 00:00,210.039140297767,5.00560850270226,5.0,1471.48059310151,6606.90270334636
04-Feb-2018 00:00,05-Feb-2018 00:00,78.7163913889017,2.08097151048529,3.0,1430.32227583039,2667.66592765485
05-Feb-2018 00:00,06-Feb-2018 00:00,273.281608611099,6.51794114656946,7.0,1479.28868314968,8282.4728774017
06-Feb-2018 00:00,07-Feb-2018 00:00,363.881608958114,9.87477797250358,11.0,1490.1473562585,13253.6393538335
07-Feb-2018 00:00,08-Feb-2018 00:00,558.017089739219,13.4729768933311,32.0,1521.48955357957,17726.4213509882
08-Feb-2018 00:00,09-Feb-2018 00:00,239.249301302666,5.49133227425968,12.0,1460.3612170408,7282.43102113634
09-Feb-2018 00:00,10-Feb-2018 00:00,227.519,5.54675458567137,3.0,1468.26469523102,7243.78388144892
10-Feb-2018 00:00,11-Feb-2018 00:00,89.5049964931332,4.09992717591335,5.0,1421.06233755193,5628.62079222683
11-Feb-2018 00:00,12-Feb-2018 00:00,213.162003506867,4.39529090565571,6.0,1477.94212311708,5624.95126182708
12-Feb-2018 00:00,13-Feb-2018 00:00,328.904,8.04795078991538,1.0,1502.06105288268,10430.6633951025
13-Feb-2018 00:00,14-Feb-2018 00:00,313.857687619699,7.90885919731324,3.0,1514.14980100917,10365.7185082508
14-Feb-2018 00:00,15-Feb-2018 00:00,279.758312380301,7.105947027488,5.0,1501.87753508126,9307.89625253715
15-Feb-2018 00:00,16-Feb-2018 00:00,237.358,6.17648763836734,3.0,1475.98488303591,8069.0
16-Feb-2018 00:00,17-Feb-2018 00:00,344.44775986982,9.2448035738722,5.0,1517.16461966334,12028.7027130391
17-Feb-2018 00:00,18-Feb-2018 00:00,366.005238160863,9.8592771963576,4.0,1514.16088319374,12805.1872835403
18-Feb-2018 00:00,19-Feb-2018 00:00,352.220001969318,9.6027678781858,1.0,1530.09216061811,12367.7206593705
19-Feb-2018 00:00,20-Feb-2018 00:00,316.256193713571,8.09389892279551,6.0,1507.98679761581,10516.1283713643
20-Feb-2018 00:00,21-Feb-2018 00:00,285.68969492793,6.61478522977722,0.0,1508.82214969778,8414.0
21-Feb-2018 00:00,22-Feb-2018 00:00,345.994081129806,7.3805883865159,2.0,1539.63095586938,9625.18251748174
22-Feb-2018 00:00,23-Feb-2018 00:00,253.788030228694,7.52326929788985,0.0,1485.31170953744,9652.81748251826
23-Feb-2018 00:00,24-Feb-2018 00:00,197.267959627392,5.36581960285904,8.0,1450.65043638586,6894.7374929626
24-Feb-2018 00:00,25-Feb-2018 00:00,272.040286039844,7.03823273119627,3.0,1498.23421884122,9048.19228459944
25-Feb-2018 00:00,26-Feb-2018 00:00,288.922295034371,7.49273233335898,2.0,1503.83804817287,9529.68123276107
26-Feb-2018 00:00,27-Feb-2018 00:00,353.429459298393,9.63848870620902,2.0,1497.88500381592,12669.5618581254
27-Feb-2018 00:00,28-Feb-2018 00:00,326.777781403241,8.67443370044739,4.0,1507.60375685534,11204.6235214126
28-Feb-2018 00:00,01-Mar-2018 00:00,243.104879467464,6.14135488242093,1.0,1488.3435681831,7853.12277809834
01-Mar-2018 00:00,02-Mar-2018 00:00,358.212369814957,9.45088013349852,4.0,1511.42641850626,12439.2269462169
02-Mar-2018 00:00,03-Mar-2018 00:00,185.949969314338,4.11964578311301,3.0,1474.33996486861,5391.64778681851
03-Mar-2018 00:00,04-Mar-2018 00:00,398.68527491508,10.2895547645117,3.0,1534.6427716026,13215.7804931577
04-Mar-2018 00:00,05-Mar-2018 00:00,276.960164328506,6.64707434443073,2.0,1499.00934921076,8573.19738754615
05-Mar-2018 00:00,06-Mar-2018 00:00,279.044560756414,6.53060035554157,3.0,1510.05096339369,8422.13097376961
06-Mar-2018 00:00,07-Mar-2018 00:00,324.230989415003,9.23030889296642,2.0,1506.37762179932,12162.0093345476
07-Mar-2018 00:00,08-Mar-2018 00:00,329.101445191503,7.46668321297023,2.0,1540.05755098572,9605.61680063338
08-Mar-2018 00:00,09-Mar-2018 00:00,188.569565393495,3.98061125066924,2.0,1484.75534417258,5062.85943047018
09-Mar-2018 00:00,10-Mar-2018 00:00,282.839,6.39562693068802,14.0,1493.59230415561,8448.36690843542
10-Mar-2018 00:00,11-Mar-2018 00:00,201.406760994844,4.5854807517593,4.0,1474.81465464332,5889.95740274157
11-Mar-2018 00:00,12-Mar-2018 00:00,257.780647457136,6.27614392034419,4.0,1505.29214716197,7955.23712170275
12-Mar-2018 00:00,13-Mar-2018 00:00,275.093591548021,5.4722552437936,5.0,1505.87946293984,7260.0
13-Mar-2018 00:00,14-Mar-2018 00:00,262.472,6.24860763428127,2.0,1511.35472699526,8071.0
14-Mar-2018 00:00,15-Mar-2018 00:00,195.726,3.25249801718281,1.0,1491.19820706081,4201.0
15-Mar-2018 00:00,16-Mar-2018 00:00,213.925,4.90407702443481,0.0,1474.57565384395,6280.0
16-Mar-2018 00:00,17-Mar-2018 00:00,269.079,6.700416837433,1.0,1507.77181743674,8535.0
17-Mar-2018 00:00,18-Mar-2018 00:00,407.911436968736,9.32890256251856,5.0,1534.82741708315,11711.9055904732
18-Mar-2018 00:00,19-Mar-2018 00:00,338.595753701236,8.56663142945261,3.0,1501.21093611063,11077.9171152858
19-Mar-2018 00:00,20-Mar-2018 00:00,363.941809330028,8.50694148494629,5.0,1527.6014966056,10794.4805148071
20-Mar-2018 00:00,21-Mar-2018 00:00,449.438032683178,9.83535648367064,3.0,1538.1851476162,12448.040817001
21-Mar-2018 00:00,22-Mar-2018 00:00,391.345214120551,9.7955037917577,2.0,1534.12704491612,12588.5106516915
22-Mar-2018 00:00,23-Mar-2018 00:00,203.288753196271,4.23783574435636,14.0,1464.9417366379,5601.28959186964
23-Mar-2018 00:00,24-Mar-2018 00:00,300.418744687623,6.5013523325305,5.0,1526.47496295011,8516.75950658414
24-Mar-2018 00:00,25-Mar-2018 00:00,365.179255312377,8.5579628574009,1.0,1544.67493954503,11029.9148022059
25-Mar-2018 00:00,26-Mar-2018 00:00,457.699489331677,12.1340825473814,1.0,1494.39167116942,15529.1991543951
26-Mar-2018 00:00,27-Mar-2018 00:00,306.102333908017,6.98748124878206,2.0,1529.03448440553,8931.72119696513
27-Mar-2018 00:00,28-Mar-2018 00:00,241.734176760306,6.0982978449527,5.0,1485.33159805032,7974.03779716898
28-Mar-2018 00:00,29-Mar-2018 00:00,227.776,5.54150996035122,3.0,1487.79624560955,7169.48603179586
29-Mar-2018 00:00,30-Mar-2018 00:00,219.051,5.0443737183367,3.0,1495.86652685733,6415.0462761131
30-Mar-2018 00:00,31-Mar-2018 00:00,336.174814844572,8.60456159044247,1.0,1522.00118485498,10954.9288079763
31-Mar-2018 00:00,01-Apr-2018 00:00,517.079609979755,13.9345172622748,1.0,1540.66867396207,17913.0553478511
01-Apr-2018 00:00,02-Apr-2018 00:00,414.624575175672,11.648148957,2.0,1515.18805613701,14867.0215120946
02-Apr-2018 00:00,03-Apr-2018 00:00,246.76093365029,6.71129069479945,2.0,1507.17503127927,8548.4878384457
03-Apr-2018 00:00,04-Apr-2018 00:00,426.600170548067,10.6190993554547,3.0,1522.01551373997,13405.5121615543
04-Apr-2018 00:00,05-Apr-2018 00:00,287.951048779425,7.25861622605706,5.0,1509.57321649305,9398.9422152102
05-Apr-2018 00:00,06-Apr-2018 00:00,359.852847022219,9.29624425035226,2.0,1520.67008260225,11849.0577847898
06-Apr-2018 00:00,07-Apr-2018 00:00,250.314,6.62724042630498,2.0,1494.20648673458,8390.0
07-Apr-2018 00:00,08-Apr-2018 00:00,224.96,5.65953682770062,2.0,1480.74266460257,7275.35949689312
08-Apr-2018 00:00,09-Apr-2018 00:00,338.881161924947,9.22210175891851,3.0,1520.76090041248,11925.2057167916
09-Apr-2018 00:00,10-Apr-2018 00:00,197.903177725137,5.24878845604406,3.0,1473.94883057613,6771.31340544053
10-Apr-2018 00:00,11-Apr-2018 00:00,289.377926566216,6.72600023462973,7.0,1490.09245727675,8627.0
11-Apr-2018 00:00,12-Apr-2018 00:00,330.927816868533,7.40242654537591,5.0,1516.06141078442,9489.73270537961
12-Apr-2018 00:00,13-Apr-2018 00:00,460.754608934983,12.129202899847,4.0,1535.48567291657,15400.7715046267
13-Apr-2018 00:00,14-Apr-2018 00:00,419.757307980185,11.0866641210111,1.0,1527.54652248317,14175.1533627929
14-Apr-2018 00:00,15-Apr-2018 00:00,389.141,9.57858388076604,2.0,1530.81293879044,12143.9348621156
15-Apr-2018 00:00,16-Apr-2018 00:00,261.961084892616,7.62007306099587,2.0,1499.80769434749,9752.41000283618
16-Apr-2018 00:00,17-Apr-2018 00:00,312.597915107384,7.39536472571103,4.0,1528.08754503338,9582.7185460134
17-Apr-2018 00:00,18-Apr-2018 00:00,411.6052954461,10.4412452060678,1.0,1528.42464538829,13477.9343031997
18-Apr-2018 00:00,19-Apr-2018 00:00,322.451202932029,7.28848677422948,6.0,1492.62864876346,9565.97295211737
19-Apr-2018 00:00,20-Apr-2018 00:00,443.855687128056,11.495663621163,2.0,1528.25086527632,14678.4276421381
20-Apr-2018 00:00,21-Apr-2018 00:00,349.100711316533,8.69061456984164,7.0,1512.71720971254,11138.0955608704
21-Apr-2018 00:00,22-Apr-2018 00:00,355.876675041042,10.3517304650549,1.0,1513.08819786167,13556.9702241211
22-Apr-2018 00:00,23-Apr-2018 00:00,308.088275794815,7.39796265088759,3.0,1517.98640735781,9327.38420387418
23-Apr-2018 00:00,24-Apr-2018 00:00,395.948152341426,9.82261115646094,4.0,1505.90447133541,12411.6599773883
24-Apr-2018 00:00,25-Apr-2018 00:00,217.661732128155,5.00587891824041,2.0,1478.77532532377,6474.28703467836
25-Apr-2018 00:00,26-Apr-2018 00:00,368.188031511916,8.34856508690324,4.0,1516.03381749663,10601.671776763
26-Apr-2018 00:00,27-Apr-2018 00:00,394.736920999408,10.5310625189459,5.0,1527.97295018985,13437.718660324
27-Apr-2018 00:00,28-Apr-2018 00:00,450.026377024916,10.8986483242962,5.0,1539.39349409641,14076.2411379163
28-Apr-2018 00:00,29-Apr-2018 00:00,228.420293248264,5.55246181673148,2.0,1490.05720070057,7038.44947247424
29-Apr-2018 00:00,30-Apr-2018 00:00,317.432645087342,7.60879764234637,4.0,1519.19481767636,9698.55052752576
30-Apr-2018 00:00,01-May-2018 00:00,307.287148861385,6.91064924513386,1.0,1501.33729745967,8840.09989537428
01-May-2018 00:00,02-May-2018 00:00,252.230851138615,6.009620829741,6.0,1477.55686534034,7670.0
02-May-2018 00:00,03-May-2018 00:00,316.877436797554,6.78081802617509,3.0,1497.05809962892,8664.53722608037
03-May-2018 00:00,04-May-2018 00:00,460.180056436179,10.8543073749039,3.0,1537.4278134421,13771.1496434229
04-May-2018 00:00,05-May-2018 00:00,477.480943569789,12.2916886416772,4.0,1531.33125154454,15810.569624543
05-May-2018 00:00,06-May-2018 00:00,297.167563196479,6.67962834339936,0.0,1523.93381861044,8553.19336235672
06-May-2018 00:00,07-May-2018 00:00,291.209818201242,6.11781961194953,5.0,1510.7308935019,7788.89665061943
07-May-2018 00:00,08-May-2018 00:00,283.046181798758,7.07711105263733,6.0,1511.33603398026,9126.27427119581
08-May-2018 00:00,09-May-2018 00:00,315.257548742192,8.75238810323892,5.0,1510.29755956004,11327.1997153841
09-May-2018 00:00,10-May-2018 00:00,342.198850292046,7.59853446358045,4.0,1512.01273093492,9924.05207488697
10-May-2018 00:00,11-May-2018 00:00,282.155600965763,4.95158670093868,24.0,1497.84213561825,6548.51290394719
11-May-2018 00:00,12-May-2018 00:00,4.438,0.729219999993919,4.0,1390.21031735871,1065.0
12-May-2018 00:00,13-May-2018 00:00,1.512,2.64455907438233,6.0,1392.73650412591,4323.18593786571
13-May-2018 00:00,14-May-2018 00:00,390.349184654762,9.05211980793715,2.0,1531.97349850744,12376.8140621343
14-May-2018 00:00,15-May-2018 00:00,235.34050526377,3.60534062067161,3.0,1523.93200891436,4994.69847017253
15-May-2018 00:00,16-May-2018 00:00,213.734310081469,8.53105544142984,0.0,1488.99657235914,10790.0
16-May-2018 00:00,17-May-2018 00:00,17.572,0.349199400168145,0.0,1399.23060658965,477.0
17-May-2018 00:00,18-May-2018 00:00,208.977056886667,6.67752995532324,0.0,1490.81777700596,8639.31534790572
18-May-2018 00:00,19-May-2018 00:00,370.213338906215,12.8150297192484,0.0,1510.70382422127,16515.8755330336
19-May-2018 00:00,20-May-2018 00:00,156.06351302721,1.81585865892875,0.0,1482.20994810881,2376.9765402089
20-May-2018 00:00,21-May-2018 00:00,435.260091179909,14.7071595459793,0.0,1509.72119321951,19171.3081443743
21-May-2018 00:00,22-May-2018 00:00,489.183817804976,15.5049160331092,0.0,1538.61926754955,19948.6130370777
22-May-2018 00:00,23-May-2018 00:00,379.676182195023,10.5617678072679,1.0,1499.09730115993,13674.5918399059
23-May-2018 00:00,24-May-2018 00:00,106.9858322448,1.72794134372785,0.0,1449.63102580821,2175.46142091358
24-May-2018 00:00,25-May-2018 00:00,730.177136328204,15.7882552645932,0.0,1583.59399547417,19830.1129977553
25-May-2018 00:00,26-May-2018 00:00,944.673031426994,16.4196392007546,0.0,1537.61070105836,20596.0435208229
26-May-2018 00:00,27-May-2018 00:00,324.077698842266,4.83970516609786,3.0,1514.16312817067,6502.2438117828
27-May-2018 00:00,28-May-2018 00:00,572.151148916267,13.8447986971021,24.0,1546.04122907936,17931.3265642515
28-May-2018 00:00,29-May-2018 00:00,743.681404227765,20.1973940339317,21.0,1530.37305962251,26517.0979746123
29-May-2018 00:00,30-May-2018 00:00,663.283830707716,14.2113210778814,10.0,1542.48160107004,18262.1717916387
30-May-2018 00:00,31-May-2018 00:00,554.09247478369,14.6778601672784,1.0,1545.51161081823,19016.3558442212
31-May-2018 00:00,01-Jun-2018 00:00,774.763276676265,12.2294997661798,0.0,1552.16076350684,15235.6907991755
01-Jun-2018 00:00,02-Jun-2018 00:00,930.732234272559,24.4714093139558,0.0,1554.06348796555,31510.4116511186
02-Jun-2018 00:00,03-Jun-2018 00:00,508.859931573468,15.3758157381349,0.0,1486.07849588244,20154.2389671211
03-Jun-2018 00:00,04-Jun-2018 00:00,71.06,1.22041185815963,0.0,1425.74970965085,1566.68259061892
04-Jun-2018 00:00,05-Jun-2018 00:00,204.432968737896,4.02662118581977,0.0,1429.70593851802,5079.80447287124
05-Jun-2018 00:00,06-Jun-2018 00:00,1015.15917996106,20.1122782328575,0.0,1551.1531486967,25433.7473505887
06-Jun-2018 00:00,07-Jun-2018 00:00,623.598361046936,14.494428506671,4.0,1525.10932213685,18788.8916293164
07-Jun-2018 00:00,08-Jun-2018 00:00,979.880490254109,23.2410178980749,0.0,1580.52833023356,30060.3086627829
08-Jun-2018 00:00,09-Jun-2018 00:00,797.430027641051,14.8689712736135,0.0,1529.5212033768,18877.1859646314
09-Jun-2018 00:00,10-Jun-2018 00:00,709.066063585562,18.8489379949556,0.0,1512.56818709773,24479.3298018901
10-Jun-2018 00:00,11-Jun-2018 00:00,553.952937413394,12.2319016874275,11.0,1564.24568556543,16092.5390170016
11-Jun-2018 00:00,12-Jun-2018 00:00,270.253971359992,4.51094953389111,0.0,1515.5768671933,6130.21101079849
12-Jun-2018 00:00,13-Jun-2018 00:00,368.966000000001,7.24962355162673,49.0,1479.50249457647,9124.71799484588
13-Jun-2018 00:00,14-Jun-2018 00:00,44.6643975489485,6.04632745809574,8.0,1410.99969612768,9602.0
14-Jun-2018 00:00,15-Jun-2018 00:00,602.52060245105,15.6303786645132,66.0,1543.66982874134,19181.7589446321
15-Jun-2018 00:00,16-Jun-2018 00:00,38.9835849572533,7.04345840986467,9.0,1409.85729268374,10020.5341030648
16-Jun-2018 00:00,17-Jun-2018 00:00,466.563353788339,8.58803520189668,13.0,1540.83167158008,11295.9137470518
17-Jun-2018 00:00,18-Jun-2018 00:00,446.346061254408,8.00895543177053,8.0,1583.74932613239,10255.0
18-Jun-2018 00:00,19-Jun-2018 00:00,0.0,3.4077558560844,4.0,1606.632,5443.0
19-Jun-2018 00:00,20-Jun-2018 00:00,46.5145160195265,7.18441525778329,35.0,1494.3239146315,11739.0652567103
20-Jun-2018 00:00,21-Jun-2018 00:00,409.207825213656,8.4605551964588,29.0,1527.62561750885,11416.6066482518
21-Jun-2018 00:00,22-Jun-2018 00:00,258.087658766819,6.57559550548658,7.0,1472.22354585999,8732.55971250438
22-Jun-2018 00:00,23-Jun-2018 00:00,53.2118670425331,4.5552047481851,8.0,1409.82603500508,7009.2048854378
23-Jun-2018 00:00,24-Jun-2018 00:00,529.061132957467,14.4614424012536,2.0,1517.07201166758,18801.2521802948
24-Jun-2018 00:00,25-Jun-2018 00:00,0.048,6.1210750716445,5.0,1392.93502420966,10310.0
25-Jun-2018 00:00,26-Jun-2018 00:00,0.0,4.09349999998254,0.0,1392.864,6459.0
26-Jun-2018 00:00,27-Jun-2018 00:00,0.0,2.75423000000254,1.0,1392.86375213306,4243.0
27-Jun-2018 00:00,28-Jun-2018 00:00,301.588,7.01568974391896,1.0,1494.80440065363,9271.16462076977
28-Jun-2018 00:00,29-Jun-2018 00:00,397.489476236204,10.8442271772951,4.0,1488.35642968969,13787.6834969292
29-Jun-2018 00:00,30-Jun-2018 00:00,263.796710806244,7.73127779955432,0.0,1478.02672634488,10438.510206431
30-Jun-2018 00:00,01-Jul-2018 00:00,207.333812957553,5.92881409531236,29.0,1446.24882551847,8011.38219698943
01-Jul-2018 00:00,02-Jul-2018 00:00,61.1115456344737,4.86859426412145,9.0,1414.11619627027,6825.51992606104
02-Jul-2018 00:00,03-Jul-2018 00:00,319.731947767947,7.70136282594057,0.0,1493.4876408843,10449.5838258287
03-Jul-2018 00:00,04-Jul-2018 00:00,263.397217372016,5.88981511145035,3.0,1497.59416348465,8031.61345765285
04-Jul-2018 00:00,05-Jul-2018 00:00,379.303691866645,10.4071195860449,2.0,1493.93515475786,13357.5615461085
05-Jul-2018 00:00,06-Jul-2018 00:00,697.428069867345,9.30253071133728,40.0,1531.25231727814,12385.7885807164
06-Jul-2018 00:00,07-Jul-2018 00:00,245.566527491575,5.52714953248948,4.0,1503.55825884574,7607.35725038743
07-Jul-2018 00:00,08-Jul-2018 00:00,291.409,6.94192224593577,2.0,1507.98878854466,9280.0
08-Jul-2018 00:00,09-Jul-2018 00:00,168.266,2.72106921033841,1.0,1466.1969564199,3529.0
09-Jul-2018 00:00,10-Jul-2018 00:00,317.019,6.30534920753461,0.0,1535.16915473886,8002.71829158004
10-Jul-2018 00:00,11-Jul-2018 00:00,225.06,3.83528303483175,1.0,1476.77612632172,5241.0
11-Jul-2018 00:00,12-Jul-2018 00:00,459.203363153439,13.9597777166904,4.0,1489.17582378432,18440.0
12-Jul-2018 00:00,13-Jul-2018 00:00,433.300636846561,12.7349061518207,4.0,1483.68845242503,17047.0
13-Jul-2018 00:00,14-Jul-2018 00:00,451.955,12.1430335826633,10.0,1510.06517477347,16242.0791031495
14-Jul-2018 00:00,15-Jul-2018 00:00,354.581915829455,7.76102472432271,25.0,1523.73828117412,10585.8116968125
15-Jul-2018 00:00,16-Jul-2018 00:00,518.820206263681,10.7929200267379,27.0,1555.16032094027,13803.0171813205
16-Jul-2018 00:00,17-Jul-2018 00:00,311.846481742192,7.14553522027728,2.0,1510.49655687532,9682.66806174505
17-Jul-2018 00:00,18-Jul-2018 00:00,326.091514430512,9.75103686524369,7.0,1487.61761350435,13563.394922612
18-Jul-2018 00:00,19-Jul-2018 00:00,294.735881734162,5.98211714889883,6.0,1497.3970147781,7783.41066382963
19-Jul-2018 00:00,20-Jul-2018 00:00,519.653,15.0193169426169,7.0,1488.56770127354,19133.5824557387
20-Jul-2018 00:00,21-Jul-2018 00:00,458.443000000001,13.444947037097,11.0,1514.28435954669,17813.0648743145
21-Jul-2018 00:00,22-Jul-2018 00:00,499.723865527504,11.5294386956273,46.0,1523.1856683186,14932.188246247
22-Jul-2018 00:00,23-Jul-2018 00:00,393.734134472496,10.3071927777757,17.0,1511.53509691336,13906.4595404533
23-Jul-2018 00:00,24-Jul-2018 00:00,112.359,2.02388301013964,6.0,1431.8302531416,2578.51498484669
24-Jul-2018 00:00,25-Jul-2018 00:00,37.986,3.95578287529774,7.0,1459.24845151871,5555.69016937687
25-Jul-2018 00:00,26-Jul-2018 00:00,352.259000000001,7.7691755849559,9.0,1517.94937468111,10574.2416756708
26-Jul-2018 00:00,27-Jul-2018 00:00,54.015,2.96231537879434,8.0,1557.69330302918,4253.43285697965
27-Jul-2018 00:00,28-Jul-2018 00:00,0.0,3.06837754153965,6.0,1606.632,4674.10640065358
28-Jul-2018 00:00,29-Jul-2018 00:00,223.112793589639,4.9758657756035,3.0,1615.89419023204,6594.9140032982
29-Jul-2018 00:00,30-Jul-2018 00:00,206.448206410362,4.23436237636702,7.0,1496.18974884072,5638.00154620948
30-Jul-2018 00:00,31-Jul-2018 00:00,213.685942390711,4.98704358383539,2.0,1490.17674127449,6670.43163454265
31-Jul-2018 00:00,01-Aug-2018 00:00,336.18405760929,8.58626042167062,1.0,1514.44463858622,11388.4825672789
01-Aug-2018 00:00,02-Aug-2018 00:00,183.43964034387,4.6698386110484,3.0,1453.22043486196,6015.9422661549
02-Aug-2018 00:00,03-Aug-2018 00:00,193.016359656131,4.34862411514564,3.0,1614.53803033747,5646.90210613297
03-Aug-2018 00:00,04-Aug-2018 00:00,18.044,1.01284385152551,4.0,1398.20702934317,1342.55613456949
04-Aug-2018 00:00,05-Aug-2018 00:00,4.793,1.8740147357916,6.0,1392.30492995074,2652.0
05-Aug-2018 00:00,06-Aug-2018 00:00,0.0,0.913589999994496,7.0,1392.864,1262.0
06-Aug-2018 00:00,07-Aug-2018 00:00,0.0,0.970169999996899,5.0,1392.864,1429.0
07-Aug-2018 00:00,08-Aug-2018 00:00,0.0,2.40856999999401,3.0,1392.864,3569.0
08-Aug-2018 00:00,09-Aug-2018 00:00,187.38,6.32757044197022,12.0,1482.02943452182,8709.25336418223
09-Aug-2018 00:00,10-Aug-2018 00:00,77.413,2.03617486784297,6.0,1458.36548457656,2687.00742953048
10-Aug-2018 00:00,11-Aug-2018 00:00,390.15868156511,10.2583950575132,16.0,1528.93629200307,13714.8478680579
11-Aug-2018 00:00,12-Aug-2018 00:00,36.1663184348902,0.557304999984801,2.0,1415.39475812325,766.0
12-Aug-2018 00:00,13-Aug-2018 00:00,0.0,5.74969428560809,9.0,1392.864,8924.7445688054
13-Aug-2018 00:00,14-Aug-2018 00:00,0.101,8.92197931514173,13.0,1402.47807296224,13405.8996758113
14-Aug-2018 00:00,15-Aug-2018 00:00,157.148,4.34156504284821,9.0,1486.24524472976,5851.22056449011
15-Aug-2018 00:00,16-Aug-2018 00:00,25.739,1.48032064296307,5.0,1103.09322469054,2079.49105104636
16-Aug-2018 00:00,17-Aug-2018 00:00,0.0,2.11096694508428,5.0,0.0,2982.0
17-Aug-2018 00:00,18-Aug-2018 00:00,0.0,1.81080726255942,3.0,0.0,2655.0
18-Aug-2018 00:00,19-Aug-2018 00:00,0.0,1.52438621394641,11.0,0.0,2165.95361056428
19-Aug-2018 00:00,20-Aug-2018 00:00,0.0,1.2666237860345,6.0,0.0,1784.04638943572
20-Aug-2018 00:00,21-Aug-2018 00:00,0.0,3.58879437333718,4.0,0.0,4867.0
21-Aug-2018 00:00,22-Aug-2018 00:00,0.0,0.371679999998538,2.0,0.0,531.0
22-Aug-2018 00:00,23-Aug-2018 00:00,0.0,1.78375999999698,6.0,0.0,2662.0
23-Aug-2018 00:00,24-Aug-2018 00:00,0.0,2.13564990515797,9.0,0.0,3143.0
24-Aug-2018 00:00,25-Aug-2018 00:00,0.0,1.61653000000538,5.0,0.0,2259.0
25-Aug-2018 00:00,26-Aug-2018 00:00,0.0,5.0230160875025,4.0,0.0,7487.44341039481
26-Aug-2018 00:00,27-Aug-2018 00:00,0.0,1.05432443062353,2.0,0.0,1543.55658960519
27-Aug-2018 00:00,28-Aug-2018 00:00,0.0,1.80473999999417,2.0,53.7560196991843,2481.0
28-Aug-2018 00:00,29-Aug-2018 00:00,0.0,3.66936999999429,12.0,1392.86281111658,4997.0
29-Aug-2018 00:00,30-Aug-2018 00:00,0.0,3.85810294200061,6.0,1392.864,5622.0
30-Aug-2018 00:00,31-Aug-2018 00:00,0.0,2.8399899843738,10.0,1392.864,4475.0
31-Aug-2018 00:00,01-Sep-2018 00:00,0.0,5.73229999999772,4.0,1392.864,9455.0
01-Sep-2018 00:00,02-Sep-2018 00:00,0.0,2.6140199999942,4.0,1392.864,3502.0
02-Sep-2018 00:00,03-Sep-2018 00:00,0.0,1.77191999999899,7.0,1392.864,2559.0
03-Sep-2018 00:00,04-Sep-2018 00:00,0.106,5.80622862288728,4.0,1392.84399452172,8032.0
04-Sep-2018 00:00,05-Sep-2018 00:00,0.252,2.81455999999354,5.0,1392.23253235842,4009.0
05-Sep-2018 00:00,06-Sep-2018 00:00,313.367999999999,5.82600727471615,3.0,1525.97168028003,7786.8734852669
06-Sep-2018 00:00,07-Sep-2018 00:00,0.085,4.16027364382241,3.0,1392.41747049763,6123.0
07-Sep-2018 00:00,08-Sep-2018 00:00,297.621,5.29063516800047,11.0,1520.75455590614,7210.95883474613
08-Sep-2018 00:00,09-Sep-2018 00:00,1.511,2.24759501926741,2.0,1392.447361812,3067.0
09-Sep-2018 00:00,10-Sep-2018 00:00,23.513,0.474094380971148,4.0,1403.75542840776,703.169047665577
10-Sep-2018 00:00,11-Sep-2018 00:00,274.22,4.3063163347814,6.0,1519.55409411213,5860.06763271499
11-Sep-2018 00:00,12-Sep-2018 00:00,264.233,4.96292851684489,7.0,1497.83270390938,6569.85019029717
12-Sep-2018 00:00,13-Sep-2018 00:00,0.117,0.107889999999199,0.0,1397.25828889407,158.0
13-Sep-2018 00:00,14-Sep-2018 00:00,293.865,4.90432544571495,6.0,1575.07228576278,6580.09414415802
14-Sep-2018 00:00,15-Sep-2018 00:00,144.164,4.04118623014722,4.0,1468.17025057691,5303.61516698309
15-Sep-2018 00:00,16-Sep-2018 00:00,0.0,1.82445816816483,2.0,1606.632,2897.0
16-Sep-2018 00:00,17-Sep-2018 00:00,0.0,1.89825999999628,4.0,1606.632,2805.0
17-Sep-2018 00:00,18-Sep-2018 00:00,232.141,3.83076918755737,7.0,1556.59217161373,5185.75443744812
18-Sep-2018 00:00,19-Sep-2018 00:00,218.851,4.72311372939676,5.0,1472.50855263634,6256.75426266609
19-Sep-2018 00:00,20-Sep-2018 00:00,0.0,0.107639999999432,0.0,1389.36607940567,168.0
20-Sep-2018 00:00,21-Sep-2018 00:00,246.576,4.61047073198107,4.0,1492.79036893554,6102.40790081703
21-Sep-2018 00:00,22-Sep-2018 00:00,323.777,5.04636540880106,10.0,1527.05001338177,6722.17456699095
22-Sep-2018 00:00,23-Sep-2018 00:00,0.0,1.52901963454462,6.0,1388.184,2377.0
23-Sep-2018 00:00,24-Sep-2018 00:00,0.0,2.77733999999659,5.0,1388.184,4383.0
24-Sep-2018 00:00,25-Sep-2018 00:00,226.871,3.46878906202887,5.0,1495.1085550475,4688.11997285986
25-Sep-2018 00:00,26-Sep-2018 00:00,335.721000000001,7.12957395308972,6.0,1531.28042280333,9485.20746649943
26-Sep-2018 00:00,27-Sep-2018 00:00,245.997,4.8622550180492,4.0,1498.39645791294,6267.74268071608
27-Sep-2018 00:00,28-Sep-2018 00:00,320.723,7.72505645457492,4.0,1495.68350686591,10271.9951042558
28-Sep-2018 00:00,29-Sep-2018 00:00,0.0,4.22467184110661,5.0,1579.01237073535,6137.0
29-Sep-2018 00:00,30-Sep-2018 00:00,0.0,3.46531999998423,0.0,1606.632,5276.0
30-Sep-2018 00:00,01-Oct-2018 00:00,0.0,6.43910699644685,6.0,1606.632,6620.0
01-Oct-2018 00:00,02-Oct-2018 00:00,131.573,3.15850346286292,7.0,1502.29760606315,4446.58159710754
02-Oct-2018 00:00,03-Oct-2018 00:00,201.639,4.24306620660858,13.0,1462.01709948859,5764.99606635076
03-Oct-2018 00:00,04-Oct-2018 00:00,317.397,8.47582087377327,7.0,1346.49531725544,11234.4109368108
04-Oct-2018 00:00,05-Oct-2018 00:00,0.0,8.99408333908953,13.0,0.0,12336.0
05-Oct-2018 00:00,06-Oct-2018 00:00,0.0,4.17447014996642,19.0,0.0,5917.0
06-Oct-2018 00:00,07-Oct-2018 00:00,0.0,2.21617999998247,3.0,0.0,3339.0
07-Oct-2018 00:00,08-Oct-2018 00:00,0.0,1.91046248644199,10.0,0.0,2830.90152403027
08-Oct-2018 00:00,09-Oct-2018 00:00,0.0,4.25050733994641,8.0,0.0,5849.09847596973
09-Oct-2018 00:00,10-Oct-2018 00:00,0.0,2.75591168001248,6.0,0.0,3847.0
10-Oct-2018 00:00,11-Oct-2018 00:00,0.0,4.10622999998927,4.0,0.0,6149.0
11-Oct-2018 00:00,12-Oct-2018 00:00,0.0,2.76192985028797,6.0,0.0,3900.0
12-Oct-2018 00:00,13-Oct-2018 00:00,0.0,3.59482299358933,11.0,0.0,4943.0
13-Oct-2018 00:00,14-Oct-2018 00:00,0.0,7.71185681226174,15.0,0.0,11003.0
14-Oct-2018 00:00,15-Oct-2018 00:00,0.0,8.88292985358252,4.0,0.0,9545.0
15-Oct-2018 00:00,16-Oct-2018 00:00,0.0,3.61904623800237,14.0,0.0,4983.0
16-Oct-2018 00:00,17-Oct-2018 00:00,0.0,4.08177796585186,13.0,0.0,5666.0044647355
17-Oct-2018 00:00,18-Oct-2018 00:00,0.0,4.33715071988156,7.0,0.0,5765.27317428475
18-Oct-2018 00:00,19-Oct-2018 00:00,0.0,4.33715071988156,14.0,0.0,5765.27317428475
19-Oct-2018 00:00,20-Oct-2018 00:00,0.0,4.70003019783682,10.0,0.0,6613.449186695
20-Oct-2018 00:00,21-Oct-2018 00:00,0.0,3.89042640579623,4.0,0.0,4922.25594251155
21-Oct-2018 00:00,22-Oct-2018 00:00,0.0,8.37408667992856,6.0,0.0,10576.7440574884
22-Oct-2018 00:00,23-Oct-2018 00:00,0.0,3.68468463898031,11.0,0.0,4982.0
23-Oct-2018 00:00,24-Oct-2018 00:00,0.0,4.54431922059902,13.0,0.0,6932.0
24-Oct-2018 00:00,25-Oct-2018 00:00,0.0,2.55425136614049,5.0,0.0,3750.65543962262
25-Oct-2018 00:00,26-Oct-2018 00:00,0.0,2.70297438592988,10.0,0.0,3862.07000021795
26-Oct-2018 00:00,27-Oct-2018 00:00,0.0,3.96926425565983,10.0,0.139162970810524,5960.27456015943
27-Oct-2018 00:00,28-Oct-2018 00:00,1.006,2.28453999978419,4.0,1440.50423949945,3436.0
28-Oct-2018 00:00,29-Oct-2018 00:00,0.0,1.46334052604577,3.0,1512.85,2243.0
29-Oct-2018 00:00,30-Oct-2018 00:00,1.061,1.88515295928958,4.0,1405.47206424448,2791.71063445921
30-Oct-2018 00:00,31-Oct-2018 00:00,0.001,2.942975452814,4.0,1395.93828894044,4449.38675165163
31-Oct-2018 00:00,01-Nov-2018 00:00,0.138,1.7400101526722,7.0,1395.93539084403,2716.61324834837
01-Nov-2018 00:00,02-Nov-2018 00:00,0.0,0.423935258667683,4.0,1388.18407526489,620.0
02-Nov-2018 00:00,03-Nov-2018 00:00,1.479,2.06132037886092,4.0,1387.64431047941,3087.0
03-Nov-2018 00:00,04-Nov-2018 00:00,1.446,6.86887999998685,1.0,1387.5903031098,11027.0
04-Nov-2018 00:00,05-Nov-2018 00:00,1.575,3.10272795964102,9.0,1387.87216678794,4357.0
05-Nov-2018 00:00,06-Nov-2018 00:00,248.84,3.94065684135415,6.0,1483.08321737487,5213.0
06-Nov-2018 00:00,07-Nov-2018 00:00,297.34,5.46004954871138,9.0,1477.71781028537,7322.56254364629
07-Nov-2018 00:00,08-Nov-2018 00:00,237.772,5.60282393554409,5.0,1551.54856206829,7667.43745635371
08-Nov-2018 00:00,09-Nov-2018 00:00,299.536,5.44402544096269,8.0,1563.54576343901,7205.31081675312
09-Nov-2018 00:00,10-Nov-2018 00:00,6.0,1.73634000000032,4.0,1386.64316997656,2674.0
10-Nov-2018 00:00,11-Nov-2018 00:00,1.618,2.31194815334491,6.0,1493.32592678609,3443.0
11-Nov-2018 00:00,12-Nov-2018 00:00,0.0,5.10968932049465,10.0,1606.632,7742.0
12-Nov-2018 00:00,13-Nov-2018 00:00,291.354,5.85140855473092,17.0,1577.1044213028,7899.0
13-Nov-2018 00:00,14-Nov-2018 00:00,259.433,5.40475183746477,9.0,1474.14756617953,7188.0
14-Nov-2018 00:00,15-Nov-2018 00:00,211.935,3.88670823445973,7.0,1471.14880234499,5158.0
15-Nov-2018 00:00,16-Nov-2018 00:00,276.265,4.1198520388201,7.0,1508.53490238141,5420.0
16-Nov-2018 00:00,17-Nov-2018 00:00,316.486000000001,5.2730048071251,13.0,1496.80627762766,7024.99702114749
17-Nov-2018 00:00,18-Nov-2018 00:00,6.804,1.1923899999985,3.0,1386.72844359925,1719.0
18-Nov-2018 00:00,19-Nov-2018 00:00,5.654,2.71167999999877,5.0,1476.48609788091,4435.0
19-Nov-2018 00:00,20-Nov-2018 00:00,278.997,3.05421562813004,8.0,1580.70373660459,4025.0
20-Nov-2018 00:00,21-Nov-2018 00:00,261.572,4.64825744024765,16.0,1492.71032908524,6486.0
21-Nov-2018 00:00,22-Nov-2018 00:00,0.0,2.78928308393247,6.0,1558.54400835649,4001.0
22-Nov-2018 00:00,23-Nov-2018 00:00,282.524,4.4207606507679,8.0,1571.69236211138,5944.0
23-Nov-2018 00:00,24-Nov-2018 00:00,332.032,6.15864627539371,12.0,1492.02329026593,8133.01753528793
24-Nov-2018 00:00,25-Nov-2018 00:00,4.822,1.19493019505952,4.0,1395.36318345086,1607.94021705172
25-Nov-2018 00:00,26-Nov-2018 00:00,0.0,2.52829980492509,4.0,1606.632,3837.05978294828
26-Nov-2018 00:00,27-Nov-2018 00:00,285.236,4.20208309328392,8.0,1563.63383331194,5538.23736358304
27-Nov-2018 00:00,28-Nov-2018 00:00,262.536,4.99535898348025,14.0,1558.58789560615,6557.76263641696
28-Nov-2018 00:00,29-Nov-2018 00:00,236.884,3.26895624180272,8.0,1494.8943409811,4433.0
29-Nov-2018 00:00,30-Nov-2018 00:00,2.68,3.96794901956315,16.0,1542.0747391134,5691.0
30-Nov-2018 00:00,01-Dec-2018 00:00,498.135,9.96977336595512,22.0,1554.03626986702,13607.2526629693
01-Dec-2018 00:00,02-Dec-2018 00:00,465.476,11.2296378897334,20.0,1498.64195605237,15287.0
02-Dec-2018 00:00,03-Dec-2018 00:00,271.559,5.75968204420817,14.0,1505.46834362766,7564.0
03-Dec-2018 00:00,04-Dec-2018 00:00,315.861,5.11821800239219,11.0,1537.49378329126,6817.16527375439
04-Dec-2018 00:00,05-Dec-2018 00:00,109.316,2.84448269068767,9.0,1458.68470465985,3802.32139045977
05-Dec-2018 00:00,06-Dec-2018 00:00,261.342,4.38938304223788,7.0,1514.49064752831,5751.0
06-Dec-2018 00:00,07-Dec-2018 00:00,131.171,3.0720196248789,4.0,1503.2076770448,4137.0
07-Dec-2018 00:00,08-Dec-2018 00:00,179.725,2.9475926276363,7.0,1717.91641051181,3997.0
08-Dec-2018 00:00,09-Dec-2018 00:00,0.0,2.48735263291677,5.0,2326.47351237618,3334.0
09-Dec-2018 00:00,10-Dec-2018 00:00,0.0,5.89564665535884,15.0,1606.632,8092.0
10-Dec-2018 00:00,11-Dec-2018 00:00,0.0,3.3033200000003,6.0,1606.632,5045.0
11-Dec-2018 00:00,12-Dec-2018 00:00,334.061,5.67500486207703,8.0,1572.425213049,7600.0
12-Dec-2018 00:00,13-Dec-2018 00:00,1.607,0.697359999999637,3.0,1383.611721907,1074.0
13-Dec-2018 00:00,14-Dec-2018 00:00,260.174,4.61998584837877,11.0,1492.36771884377,6251.0
14-Dec-2018 00:00,15-Dec-2018 00:00,330.696,5.6470916584706,6.0,1514.22069632495,7436.0
15-Dec-2018 00:00,16-Dec-2018 00:00,2.434,4.12466825866466,14.0,258.417889543453,5642.0
16-Dec-2018 00:00,17-Dec-2018 00:00,0.0,1.0616500000013,0.0,3.90603132423116,1452.0
17-Dec-2018 00:00,18-Dec-2018 00:00,0.0,0.690039999996778,0.0,3.90603132423116,985.0
18-Dec-2018 00:00,19-Dec-2018 00:00,0.0,3.38648999999603,8.72207553060261,3.90603132423116,4783.0
19-Dec-2018 00:00,20-Dec-2018 00:00,0.0,3.75589347725781,11.2779244693974,3.90603132423116,5177.0
20-Dec-2018 00:00,21-Dec-2018 00:00,0.0,3.45987920696056,7.0,3.90603132423116,4946.0
21-Dec-2018 00:00,22-Dec-2018 00:00,0.0,9.53203410625644,21.0,3.90603132423116,13578.0
22-Dec-2018 00:00,23-Dec-2018 00:00,0.0,4.97341060700826,10.0,3.90603132423116,6870.0
23-Dec-2018 00:00,24-Dec-2018 00:00,0.0,1.23949000000115,1.0,3.90603132423116,1879.0
24-Dec-2018 00:00,25-Dec-2018 00:00,0.0,2.75620204452984,2.0,3.90603132423116,3919.0
25-Dec-2018 00:00,26-Dec-2018 00:00,0.0,0.419340000001248,3.0,3.90603132423116,569.0
26-Dec-2018 00:00,27-Dec-2018 00:00,0.0,0.227819999997038,2.0,3.90603132423116,343.0
27-Dec-2018 00:00,28-Dec-2018 00:00,0.0,0.515479999993928,2.0,3.90603132423116,743.0
28-Dec-2018 00:00,29-Dec-2018 00:00,0.0,2.74976999999303,8.0,3.90603132423116,3997.0
29-Dec-2018 00:00,30-Dec-2018 00:00,0.0,0.31853999999864,3.0,3.90603132423116,467.0
30-Dec-2018 00:00,31-Dec-2018 00:00,0.0,0.259179999999702,3.0,3.90603132423116,370.0
31-Dec-2018 00:00,01-Jan-2019 00:00,0.0,4.82828416759614,5.0,3.90603132423116,6926.0
01-Jan-2019 00:00,02-Jan-2019 00:00,0.0,2.52275999999279,5.0,1089.51619885162,3523.0
02-Jan-2019 00:00,03-Jan-2019 00:00,0.0,1.15936976037361,3.0,1606.632,1687.0
03-Jan-2019 00:00,04-Jan-2019 00:00,0.0,4.45123999997648,9.0,1606.632,6842.0
04-Jan-2019 00:00,05-Jan-2019 00:00,0.0,2.30763999999873,6.0,1606.632,3387.0
05-Jan-2019 00:00,06-Jan-2019 00:00,0.0,4.14155657120002,9.0,1606.632,6098.0
06-Jan-2019 00:00,07-Jan-2019 00:00,0.0,2.73546999999555,2.0,1606.632,4411.0
07-Jan-2019 00:00,08-Jan-2019 00:00,0.0,2.40320710690413,6.0,1606.632,3544.0
08-Jan-2019 00:00,09-Jan-2019 00:00,263.753,5.17273344593184,9.0,1563.26764304023,6929.0
09-Jan-2019 00:00,10-Jan-2019 00:00,217.062,3.29188971073433,10.0,1513.46093865435,4400.73619915977
10-Jan-2019 00:00,11-Jan-2019 00:00,298.59,6.69979580381736,11.0,1570.43627525606,8932.58740484651
11-Jan-2019 00:00,12-Jan-2019 00:00,301.643,5.97169338172355,9.0,1483.7032286474,8024.57221618725
12-Jan-2019 00:00,13-Jan-2019 00:00,1.567,5.32737256328711,15.0,272.812582523636,7546.42778381274
13-Jan-2019 00:00,14-Jan-2019 00:00,0.0,3.16121071279747,13.0,16.7080735949372,4631.0
14-Jan-2019 00:00,15-Jan-2019 00:00,0.0,3.6714154829029,9.0,16.7080735949372,5172.0
15-Jan-2019 00:00,16-Jan-2019 00:00,0.0,5.54157000001287,10.0,16.7080735949372,8814.0
16-Jan-2019 00:00,17-Jan-2019 00:00,0.0,4.87167646027775,6.0,856.999286869478,6781.0
17-Jan-2019 00:00,18-Jan-2019 00:00,0.0,3.47059082778124,6.0,1388.184,4928.0
18-Jan-2019 00:00,19-Jan-2019 00:00,0.0,3.73800999999465,10.0,1388.184,5441.0
19-Jan-2019 00:00,20-Jan-2019 00:00,0.0,3.09964406956919,6.0,1388.184,4848.0
20-Jan-2019 00:00,21-Jan-2019 00:00,0.0,2.51371000002138,9.0,1388.184,3611.0
21-Jan-2019 00:00,22-Jan-2019 00:00,0.0,2.51899326472357,6.0,1388.184,3793.0
22-Jan-2019 00:00,23-Jan-2019 00:00,0.0,2.22371821479127,8.0,1388.184,3101.0
23-Jan-2019 00:00,24-Jan-2019 00:00,272.381000000001,4.4931359581971,14.0,1474.24707609313,5835.70740747772
24-Jan-2019 00:00,25-Jan-2019 00:00,408.469,8.05842713199462,13.0,1508.55058910099,10342.2925925223
25-Jan-2019 00:00,26-Jan-2019 00:00,29.243,0.63835320696843,1.0,776.227232088181,738.0
